-2868,2302,15568,-127,423,-236,
-3284,802,15284,-178,-339,-290,
-934,-794,13408,-455,-199,117,
4972,-1188,3404,-2537,202,108,
17966,5462,25570,-1927,-3608,-1838,
15002,7080,32767,-85,608,-5900,
-7404,-10382,32767,3565,383,-6446,
-17854,-16702,32404,6204,3608,-3758,
-18948,-17160,8112,6481,4007,69,
-16656,-8372,-8890,4101,5251,3758,
-7430,-2088,-14310,-462,2842,5998,
1290,-3660,-12384,-3396,72,6227,
11118,-4896,-5358,-4944,-2537,5097,
19212,-5388,11092,-4324,-4568,3478,
25538,6262,32648,-4401,-2130,873,
15364,6024,27168,-4429,2036,-2167,
6812,2580,26040,-3328,1614,-3787,
-2942,796,19998,-1076,718,-4260,
-5790,-2316,25802,-221,-1221,-3423,
-4456,-5328,22374,110,955,-1364,

-2942,796,19998,-1076,718,-4260,
-5790,-2316,25802,-221,-1221,-3423,
-4456,-5328,22374,110,955,-1364,
13862,4994,24222,-1005,28,-1571,
10692,2180,27870,-237,2255,-3945,
800,1018,32767,612,802,-5782,
-18642,-22970,32767,5466,2168,-4480,
-18520,-27512,26190,9326,5158,-230,
-8624,-16788,-9764,5346,9220,5182,
-2290,-3190,-19914,336,4130,6291,
5696,-410,-17754,-4228,320,6396,
16798,-2968,-3864,-6334,-4209,4682,
24658,1820,18664,-6664,-5922,2015,
19934,7788,32767,-6271,-1652,-1622,
8368,2016,30122,-4516,182,-4289,
-1244,-3718,29876,-1616,-567,-4660,
-4178,-8192,28046,-320,30,-3334,
-3808,-6476,22310,188,1536,-1056,
-2194,-2680,15276,562,1875,-105,
-1852,-1384,13326,463,899,247,

-202,-1186,16904,-77,-59,26,
-116,-1032,16564,-90,-49,73,
1426,-1602,16370,-1,-66,145,
13774,6464,22668,-1241,-430,-488,
16366,10022,31908,848,1331,-6418,
-7782,-15412,32767,3769,736,-6612,
-14840,-26020,32767,7438,4755,-2837,
-11402,-19948,5152,6605,9142,2579,
-6846,-6994,-16640,1862,5918,6295,
1554,-1308,-16548,-2164,1551,7414,
9556,-880,-11330,-5533,-2168,5670,
18494,1290,9344,-5823,-4724,3588,
21292,5618,28204,-5980,-3417,1363,
11592,3754,29318,-4919,1172,-2408,
2202,-1596,27284,-3540,350,-3031,
-604,-1640,23496,-1538,622,-2852,
-3278,-5504,23856,-452,-343,-1988,
-3078,-4418,19992,358,1523,-547,
-2952,-2412,15208,385,1252,-71,
-1586,-1542,14764,275,588,187,

-3078,-4418,19992,358,1523,-547,
-2952,-2412,15208,385,1252,-71,
-1586,-1542,14764,275,588,187,
11630,-7536,10930,-1683,-799,3179,
21410,9386,27682,-922,153,-2603,
6058,1400,32767,-733,538,-6231,
-15380,-18210,32767,5041,516,-5539,
-17374,-14730,21720,7578,3975,-2487,
-13056,-12928,5694,6253,6196,828,
-8948,-6258,-9816,3022,5603,3598,
-2656,-3372,-13356,-1036,1756,5649,
7112,-1466,-6048,-4394,19,5513,
14690,-2844,3820,-5850,-2821,4301,
19062,3020,22308,-5452,-3126,1500,
15216,5404,29766,-6044,349,-1668,
4664,-2046,27128,-3884,1332,-3647,
-1654,-5084,22882,-697,-837,-3977,
-3278,-4718,29748,-172,-145,-2457,
-2062,-2228,23346,89,1736,-911,
-3012,-3820,14990,394,1228,-467,

-198,-1092,16302,-74,-115,75,
438,-1372,16116,-215,-120,24,
4014,-2592,16040,-661,-20,70,
14448,570,22328,-2328,685,-656,
15002,5960,32767,-332,4010,-4667,
-8968,-14116,32767,6039,5801,-5841,
-26424,-28958,24780,9904,5268,-1066,
-17592,-14896,-810,7783,7212,3361,
-8886,-4112,-13974,2831,3866,6244,
-674,1820,-13640,-2006,762,6114,
6092,-428,-6586,-5171,-1623,5363,
10184,-3070,2906,-6966,-2088,4068,
13640,1078,13364,-7627,-2808,1480,
13092,1170,25534,-6559,-2580,-1260,
7344,-916,32767,-3963,-153,-3635,
446,-950,26526,-2472,-217,-4029,
-1696,-7160,26278,-1143,-1376,-3415,
-1570,-6312,27090,339,1294,-1798,
-3108,-5844,16004,96,2309,-489,
-2520,-5612,10902,-722,357,346,

-690,-2996,16512,155,-95,267,
-452,-3386,16416,265,-13,518,
3446,-4146,15376,476,251,754,
12796,1314,15288,-530,35,1120,
21532,10508,21546,-549,-1794,-3170,
11528,2252,32767,-987,1882,-7213,
-21854,-27524,32767,3722,1599,-6312,
-26778,-26154,24678,5899,4030,410,
-15286,-14042,-1494,3973,5047,4486,
-6970,-7698,-9786,1143,2168,6081,
3424,-3380,-5022,-1841,-152,6258,
13246,-4466,-1150,-3033,-944,4715,
19700,18,8058,-3934,-2300,3085,
22032,5756,21910,-3746,-2443,1437,
15646,1922,27812,-4697,656,-1978,
6664,-336,24800,-3804,781,-4244,
-644,-9030,27742,-400,-1319,-4190,
-3652,-8016,25150,239,1285,-2841,
-5488,-6874,17500,933,1266,-1196,
-2468,-3742,15408,613,1303,-304,

-522,-2332,15536,-91,-148,24,
-238,-1740,16356,-93,-296,42,
2536,-3698,17626,-69,-361,207,
8388,-2948,15846,-1053,874,702,
17284,10912,22120,-3365,-804,-1938,
10364,7108,32767,3749,-3701,-9626,
-6436,-30022,32767,7559,1311,-8407,
-14282,-27308,16958,6502,7715,-1833,
-10492,-15844,-3480,3520,7009,4280,
-2504,-8022,-13092,371,3712,7176,
9626,-2520,-6820,-3686,1747,8044,
17522,-2242,848,-5780,-1677,6467,
20098,1514,15818,-5100,-2073,3177,
17108,7118,27586,-6184,527,-369,
11794,2092,30272,-3758,1431,-3353,
456,-4264,25512,263,273,-5582,
-3574,-6438,27230,-505,1107,-3458,
-6410,-4404,18284,-384,425,-2040,
-4988,-4210,16560,474,463,-1081,
-2714,-2648,16088,-144,827,10,

-294,-1376,15488,-102,56,42,
-82,-2338,15626,-242,-229,-30,
5356,-5556,16696,-1147,40,239,
11870,120,18694,-3239,1110,-228,
12592,5648,32767,-1675,2731,-4340,
-5912,-15500,32767,4086,2272,-7013,
-21832,-30390,32670,8984,1551,-3803,
-16862,-20614,14382,8012,5967,1318,
-9500,-10300,-11176,4027,7624,5708,
-2522,-62,-16954,-1186,2736,6982,
6010,106,-13588,-5341,-100,5982,
15558,-5202,-762,-7387,-3692,4200,
21582,-868,26682,-7379,-4135,1352,
13616,-1312,31950,-4538,-112,-1417,
4818,-818,32767,-3850,975,-2928,
-322,-7472,23000,34,-370,-4265,
-4126,-6850,28380,165,-808,-2859,
-4712,-6942,20634,44,1827,-1101,
-4192,-2238,14176,533,704,-647,
-2770,-3184,15038,15,192,-211,

-470,-2042,15772,-271,-102,0,
-424,-3066,15876,-306,-206,-104,
2844,-3842,15654,-989,-315,291,
14078,3196,22418,-2156,775,-990,
13904,6638,26336,136,2581,-5282,
-4620,-12298,30820,1854,1988,-6923,
-21300,-30478,32767,6712,140,-2657,
-13792,-19124,22020,7061,5620,1271,
-8106,-12104,-36,4659,7412,5088,
-3374,-3784,-11614,885,4255,6516,
4032,380,-9096,-2983,731,6470,
12500,-2860,-3422,-4651,-1609,5156,
15176,-364,7194,-4825,-2831,2745,
17612,4870,25904,-7255,-3805,122,
10758,1704,32584,-5127,999,-3149,
2728,-1380,26412,-1893,-251,-4628,
-2990,-8524,29650,-1415,305,-4006,
-6502,-6998,22226,-521,448,-3089,
-4758,-6648,19354,214,1251,-1413,
-4104,-4306,13714,184,1262,-668,

-4758,-6648,19354,214,1251,-1413,
-4104,-4306,13714,184,1262,-668,
4728,-448,19576,-331,244,-1183,
6696,2372,26526,-63,1172,-2700,
-2902,-6952,32674,688,2856,-2775,
-14086,-15846,31208,5577,87,-1988,
-13476,-12942,26758,7282,2263,387,
-11978,-14144,5448,5848,5158,3318,
-6256,-5074,-9136,1948,4967,5862,
1370,1888,-13360,-2297,2259,6496,
10202,-564,1362,-5612,387,6473,
12944,4766,7230,-6732,415,2433,
11634,2300,17470,-5371,-1338,-528,
9156,1806,27466,-4592,237,-3382,
-244,-9424,23004,-3763,-47,-4332,
-1510,-6594,23090,-427,-2369,-4537,
-3322,-7026,27846,540,-2809,-3571,
-4240,-6226,23634,632,-40,-2152,
-3784,-4776,18016,185,801,-1263,
-2456,-3548,16004,347,784,-171,

-352,-2508,16092,-34,6,17,
-76,-2204,15432,-263,-173,156,
494,-3954,16076,-119,-202,216,
7332,-3360,17440,-496,157,75,
17718,8354,25806,-1028,1161,-2495,
4926,-2074,32767,-25,1842,-6404,
-18830,-27034,32767,6161,321,-4869,
-13358,-19878,24598,8252,7036,-250,
-9832,-13630,-3962,5065,8094,4180,
-6596,-2834,-13052,1115,4135,6003,
1744,872,-12636,-3627,1440,6315,
11672,1020,-3268,-6814,-1470,4441,
14492,-1372,9940,-7118,-3402,2446,
13100,4628,29612,-3482,-2754,-696,
5032,-562,24644,-4149,1023,-2366,
-694,-3028,18604,-2412,-570,-3258,
1132,-4518,25910,-1765,-3046,-3181,
756,-6482,30260,-761,-542,-2755,
-3534,-5984,20350,-203,1001,-1853,
-3486,-5760,17886,350,649,-1002,

-1622,-3198,16514,456,-177,216,
-1200,-4460,15050,667,-201,614,
3294,-3374,13108,146,-644,1380,
9804,1474,15568,-910,-762,794,
16926,8066,19210,-2330,-828,-1887,
18098,11420,32767,-1297,456,-8353,
-9572,-31936,32767,2514,2567,-7853,
-24540,-32768,26642,5454,5633,-1460,
-15270,-19448,1758,4789,5854,4153,
-5454,-13934,-8524,2452,3125,7038,
10058,-3526,-8260,-839,67,7782,
19884,-510,-332,-3137,-2565,6279,
22500,6476,12208,-5075,-1846,3008,
17020,11548,22916,-6735,-303,-1661,
10894,918,27772,-5769,-591,-4006,
136,-7288,31542,-1476,-804,-5700,
-8988,-14430,24188,-166,1287,-3060,
-6080,-9622,19004,1021,1558,-432,
-1770,-4224,13068,745,1467,515,
458,-1860,12754,499,404,392,

458,-1860,12754,499,404,392,
-1602,-2888,14946,238,469,833,
-394,-2974,13562,58,206,652,
1292,-3582,10076,-444,-155,429,
7338,-2450,11726,-1983,-1243,-187,
12892,536,22464,-3156,-587,-1899,
10910,2304,25850,-2247,-308,-5493,
-216,-4676,32767,197,1288,-7361,
-19984,-32768,32767,6438,1147,-4764,
-11918,-26386,21184,9336,7189,759,
-7116,-16304,-12486,5373,9307,4783,
72,-4962,-22472,-81,4344,7212,
11110,-1356,-13140,-5464,1778,5973,
17006,-2650,2768,-8224,-1629,3649,
19732,4264,32767,-8434,-5211,661,
8212,-6234,32767,-3154,30,-2586,
-3234,-4654,18474,-1548,546,-3707,
-3814,-7638,26390,-740,-1869,-2998,
-3762,-4734,23194,-245,964,-1643,
-5250,-6008,17390,416,-416,-1432,

-1330,-2264,16022,-20,172,-10,
-1184,-2584,15692,-110,-63,-67,
1534,-4830,14392,-436,-67,60,
9128,532,16368,-1696,-399,-23,
15642,11328,28796,-1455,-710,-4142,
1626,-9484,32767,1091,2784,-7085,
-19454,-32768,32767,7345,2146,-5508,
-15600,-23510,19752,8313,6645,188,
-10906,-12144,-5800,4089,8156,4780,
-6764,-110,-15142,-208,3284,6519,
2354,1108,-12018,-4851,68,6313,
12348,-2400,-5634,-7716,-3064,5221,
19170,-1322,12456,-7545,-4686,2565,
16946,-2904,23310,-5888,-2205,-54,
10318,-5658,32574,-4387,-846,-2423,
3396,-8100,24626,-1451,-190,-3831,
230,-9290,28540,1042,-613,-4079,
-3484,-9774,25780,120,2697,-2286,
-5070,-5692,14518,482,2429,-958,
-3496,-3356,14718,633,614,-727,

-1422,-3324,16344,45,-36,194,
-1232,-3950,15232,-65,-187,421,
3066,-5898,15864,-509,-125,411,
9260,-1154,15582,-2188,1051,266,
15922,10090,32767,-2213,1879,-3810,
-3564,-14872,32767,2273,2776,-7335,
-25704,-32768,28640,6899,3268,-3766,
-15862,-23142,16962,8226,4806,1181,
-6924,-13694,-7490,3470,8397,5395,
-2008,1272,-18952,-1163,3423,6864,
6106,2494,-12228,-4779,-1350,5539,
14010,-1786,-50,-6824,-3614,4388,
18730,266,20026,-6349,-4510,1648,
13908,1530,28534,-4468,-1406,-1438,
5436,-4192,27350,-3836,41,-3818,
-878,-7218,25306,12,-1439,-4593,
-3036,-8250,32758,275,-1109,-2968,
-4812,-9612,23080,-539,2573,-1053,
-3952,-3526,14314,211,1663,-517,
-4958,-2820,12674,302,937,-148,

-4812,-9612,23080,-539,2573,-1053,
-3952,-3526,14314,211,1663,-517,
-4958,-2820,12674,302,937,-148,
3526,-10798,12928,-586,-552,2671,
11750,5806,18204,-1527,-200,530,
14580,5490,26270,-1592,-1309,-4444,
2420,-8936,32767,1246,148,-7279,
-13664,-23202,32767,5881,3253,-5937,
-15842,-19300,24348,7882,5453,-1885,
-12142,-15836,-816,5190,7634,2385,
-8078,-6818,-15716,485,5061,5858,
1786,-1850,-10878,-3236,1303,6389,
11488,-1546,-5546,-6194,-819,5759,
18574,-3824,8700,-6759,-5380,3167,
18516,-212,27676,-4725,-3104,1147,
9634,3010,28370,-4525,1461,-2001,
2520,-4290,23742,-3710,1122,-3359,
-470,-5514,29188,23,-1886,-4834,
-3544,-7666,32684,-312,373,-3082,
-6272,-8662,18502,722,2958,-1805,

-1030,-2540,17034,-15,-14,52,
-1382,-2640,16856,138,53,69,
-2230,-2896,16866,397,-12,345,
-4392,-4458,8734,3206,-3225,265,
6436,-3106,14204,4778,-6766,2913,
20718,8934,22190,-200,-542,2410,
21774,11182,20478,-2168,2355,-1592,
11094,7510,30254,-2671,1417,-5801,
-10534,-13062,32767,2606,96,-6413,
-16584,-14340,31516,5633,4223,-3007,
-12690,-15476,7122,4877,7150,-433,
-7694,-7642,-5560,1412,7391,3609,
84,-2514,-12766,-2696,4880,4539,
6044,-2562,-7382,-5606,-790,4851,
14632,-548,8980,-4712,-3826,3842,
21164,1220,21912,-4867,-4968,1845,
16704,1670,28338,-4225,-379,-1621,
8278,-558,28984,-3886,1871,-4056,
-3786,-6242,26684,-1382,-23,-5798,
-10902,-9190,25092,156,370,-3679,

1200,-430,13442,14,279,113,
1996,-440,13582,-439,193,-21,
4230,-636,12300,-1385,699,-142,
14956,3272,15526,-2119,-580,-1188,
16472,-2776,32767,-3567,2026,-3700,
-5580,-12940,32767,12,-101,-5725,
-20404,-20532,32767,4474,-419,-3532,
-20020,-17118,11490,6721,3984,725,
-11838,-10712,-6376,6732,4234,3992,
-2162,-2418,-19516,2000,1077,6466,
11022,-3428,-4068,-1525,-1417,5820,
19720,-200,5464,-4165,-870,4414,
22492,3292,19772,-4787,-994,1801,
18640,6614,25876,-4855,1255,-1988,
9946,-446,27246,-4806,1055,-4874,
-38,-3902,26114,-814,-389,-5876,
-8690,-8412,17200,-624,1026,-3607,
-8292,-9182,20002,449,139,-1417,
-2162,-3998,17306,158,1669,253,
-172,-1428,13240,-155,2042,463,

-2162,-3998,17306,158,1669,253,
-172,-1428,13240,-155,2042,463,
-344,-4226,11122,-710,621,909,
11466,3562,6116,-2280,6,555,
24954,11452,32767,-3057,-3031,-4443,
-4018,-19522,32767,2414,-695,-6835,
-24424,-32040,32767,8434,4229,-2078,
-17298,-21844,-2974,8554,5531,3475,
-7268,-10496,-19540,4795,4950,6092,
3126,-4926,-32768,3283,1945,6876,
18258,-8092,-7852,-6710,-2433,6006,
28686,2044,22214,-11379,-3546,2905,
21986,4484,32767,-6683,510,-2022,
5934,-6876,32767,-3244,1526,-4962,
-1972,-8462,25608,-760,38,-4683,
-4626,-8996,24216,-101,501,-2654,
-4996,-6362,23812,-1476,3808,-589,
-3474,-5354,14470,563,497,-674,
-5910,-2552,12582,631,1387,241,
594,-872,19458,-192,-238,460,

-3474,-5354,14470,563,497,-674,
-5910,-2552,12582,631,1387,241,
594,-872,19458,-192,-238,460,
19724,11884,27380,-3655,851,-3190,
6482,-4978,32767,-79,3746,-8378,
-21360,-31716,32767,6497,1517,-4962,
-18856,-24624,28698,8259,3604,733,
-11112,-17606,1704,5848,7160,4927,
-5074,-8086,-18164,1849,4645,7207,
7478,-2740,-7760,-3397,1911,7686,
22164,-2384,-7318,-7063,-2153,5282,
23906,3762,18668,-5446,-3946,1142,
14644,4074,24548,-6952,-1171,-2203,
7404,38,28760,-4884,-612,-5143,
1594,-712,22494,-1405,-690,-5183,
-3326,-11256,30394,202,-1964,-3278,
-3728,-13310,25450,-421,3593,-1529,
-4816,-4782,14008,793,2112,-147,
-1654,-1856,13034,496,1233,-22,
-1692,-4784,12476,-672,-382,623,

-1654,-1856,13034,496,1233,-22,
-1692,-4784,12476,-672,-382,623,
1378,-1014,15444,-405,-486,461,
8318,3208,19782,-974,10,-63,
15382,8108,21678,-1807,3116,-3203,
4470,-1586,26944,-1084,4202,-5566,
-21456,-31044,32767,4798,2211,-3144,
-19878,-19642,32767,7801,354,674,
-9156,-17426,11556,6333,6348,4539,
-3490,-10230,-13028,2450,4892,6708,
5732,-2624,-13650,-1632,3042,7872,
12872,976,-17238,-6111,-1926,6182,
20752,-4026,4134,-6289,-5132,4105,
27984,6710,31000,-7713,-3527,484,
20288,4078,31938,-4118,1067,-4092,
8430,-6022,22882,-1258,1999,-7152,
-6344,-20122,19836,-1110,593,-5267,
-7414,-7840,24768,810,-172,-2843,
-4908,-6942,20930,237,1814,-1252,
-4578,-6718,8796,32,1636,206,

-80,-1692,16398,-103,-106,45,
1096,-3580,14638,-1052,-360,581,
4062,-5336,13798,-1894,-1041,1173,
10316,562,22432,-1629,853,-118,
4330,-1750,32767,348,3533,-3567,
-15366,-12968,27092,4750,1553,-2904,
-18258,-10588,28706,7512,188,-1374,
-16070,-12160,8102,7204,2710,1102,
-8570,-12058,-2176,5132,4414,3721,
8990,-10850,-16212,2790,9445,6246,
12386,6042,-22768,-8336,363,3667,
16618,-4092,16622,-7365,-6034,3356,
14880,4812,32767,-6039,-1618,-463,
7532,4260,32572,-5079,874,-2249,
-1126,-5050,23298,-1482,-663,-5330,
-5354,-2300,25618,-87,-1566,-2823,
-7962,-8870,21618,360,-423,-2201,
-5542,-3776,21970,703,589,-1359,
-3700,-2566,15444,173,1783,-293,
-2866,-1548,12846,40,706,-43,

-2022,-2074,14950,-227,-180,254,
-1372,-2308,15066,-344,-373,299,
2558,-2562,14746,-572,-606,261,
11430,2174,19166,-1299,-232,-565,
6986,2320,28536,-1026,453,-3466,
-8922,-10580,32626,1141,-96,-4222,
-14696,-15194,32767,3420,-1414,-1261,
-9822,-9350,18674,4941,1201,400,
-8914,-10834,6168,4343,1841,1961,
-3572,-9158,844,2737,2727,4124,
4464,-1184,-4034,-305,2679,5959,
10054,3518,688,-1817,631,4011,
12432,3428,9472,-2357,-13,2417,
10712,1438,12372,-3279,195,794,
9196,4394,18828,-4033,-96,-1402,
6964,-356,28740,-2333,-767,-3006,
-346,-4776,24676,-997,-604,-4246,
-3186,-2778,26544,876,-2043,-2665,
-6312,-8854,21416,-90,-1026,-2632,
-5654,-6850,19930,175,199,-1064,

-196,-3386,15980,8,167,-36,
666,-2506,14970,-511,-82,-103,
5466,-2888,17344,-1082,381,-180,
10438,3756,25562,-2549,741,-1861,
2574,-7214,32767,-86,1432,-4131,
-16846,-20524,32767,3885,1386,-3499,
-19374,-23726,19496,5790,965,287,
-9042,-12140,9080,6052,2657,2991,
-3876,-9378,-4186,3140,3634,4919,
2686,-1162,-10146,-1694,1558,7517,
8462,3836,-4262,-2593,-1128,5741,
14792,786,10952,-3239,-2258,4571,
14908,3020,17846,-3515,37,1379,
13236,898,18994,-3882,-1,-865,
9104,224,24118,-3317,1841,-3932,
1436,-4400,21164,-1894,764,-5070,
-3378,-9620,21726,-348,-749,-5881,
-6658,-7904,26048,815,-1088,-4180,
-5538,-8842,23906,1657,1139,-2547,
-4660,-7628,15274,1042,1632,-891,

-1412,-2668,16526,-1,-27,-67,
-906,-2750,16134,-181,-4,8,
3026,-372,18042,-989,30,-74,
9838,4252,26788,-1769,1352,-2006,
-3502,-9540,28158,-1205,1820,-4680,
-19090,-26154,32694,5273,1377,-3086,
-17190,-20808,21336,6955,3506,2145,
-8626,-12724,3682,5937,5084,4985,
-624,-6530,-6896,1524,3743,7681,
6152,3464,-6582,-2542,1873,7496,
8252,5826,-2872,-4661,-1084,4405,
9120,1700,8734,-4746,-1338,2497,
11446,5674,19424,-4213,-1465,700,
9458,-524,21868,-3263,100,-2152,
5256,-1388,21756,-3923,653,-3241,
468,-7782,24608,-3163,-402,-4255,
-794,-6866,23906,-1331,-1039,-4307,
-4686,-8042,22488,-613,-461,-3674,
-6562,-9176,19324,710,-989,-2438,
-5008,-7476,18904,-340,937,-564,

216,-3526,15810,-159,148,39,
700,-3682,15366,-159,-47,250,
2786,-3722,17200,-302,62,-140,
9122,744,21866,-397,617,-698,
7240,904,27268,-624,2314,-3742,
-7740,-13036,30120,2190,2007,-5516,
-18588,-26022,32767,6107,167,-2038,
-13996,-15378,12978,7293,3767,1182,
-8554,-11132,-1098,4478,3707,4540,
-162,-3602,-6090,1116,4779,6481,
6486,1970,-9410,-4614,2258,7328,
10412,1126,346,-6645,-999,5705,
11230,1436,9040,-5776,-2104,2631,
12974,-3500,23766,-4192,-1795,147,
10230,-1526,29524,-2568,1610,-2279,
1966,-5608,21450,-731,998,-4122,
-2510,-7336,24658,1039,-953,-5079,
-4384,-6342,25580,1647,-1624,-4110,
-5558,-5830,21168,868,-410,-3300,
-4276,-4500,19004,156,28,-1198,

-412,-1364,16542,-108,215,82,
460,-2204,14900,-754,381,354,
4212,-600,15022,-2191,1321,796,
10872,2850,20430,-3871,467,-320,
5404,-1382,32767,49,175,-5051,
-11516,-20644,32767,3127,1995,-4480,
-20792,-24360,24466,6484,1151,-1884,
-13150,-16228,11050,7208,4033,1395,
-5476,-9786,-3704,3109,5171,4313,
2310,418,-10792,-1894,3337,6657,
7750,3472,-4650,-4278,-1240,5797,
11562,2726,4452,-4459,-3647,3636,
14974,1946,17456,-4958,-3789,1869,
14530,1694,27596,-4574,-436,-14,
8472,-974,22660,-2534,1971,-2270,
622,-3340,22710,-571,1076,-3511,
-2674,-8394,21032,810,-198,-3419,
-5318,-6432,26260,687,-977,-3357,
-5484,-8648,21222,-285,567,-1059,
-2976,-2712,18808,60,933,-864,

-2976,-2712,18808,60,933,-864,
268,-3462,16642,-355,398,85,
3140,-1018,16598,-740,575,689,
8440,2966,19342,-667,221,-945,
4866,-2980,32060,435,603,-3306,
-8256,-10728,32767,3118,296,-4416,
-17224,-17530,31952,6163,573,-1743,
-12588,-14896,16452,7457,3850,830,
-5460,-8360,1332,3896,6120,4096,
-820,-1170,-8234,121,3869,5703,
3854,2762,-4738,-3227,518,5241,
7794,4066,2316,-4501,-1704,3708,
8716,2248,10112,-4330,-2701,2558,
12098,2408,19208,-4046,-2354,1381,
9980,1194,22602,-4018,-1010,-594,
6082,1548,22024,-3395,704,-1713,
3864,-908,22874,-2019,-149,-2964,
406,-5100,22086,-1260,292,-3764,
-1236,-4814,22246,-453,-81,-2671,
-2862,-7614,18992,262,962,-2316,

-582,-2232,16244,-47,-54,190,
-156,-2492,16232,-24,43,469,
2174,-4188,13550,-37,28,1284,
10532,2484,15964,-119,-347,1877,
14408,4998,23526,-472,-200,-2138,
2344,-3340,32767,-585,2641,-3623,
-15042,-10316,32767,4752,2242,-4162,
-17816,-7464,24888,6723,1768,-3457,
-16848,-16256,8186,5442,2405,-1233,
-10784,-10402,2700,3561,3322,3288,
-2042,-1610,-6494,101,4750,4922,
5198,2292,-8276,-3188,1779,4800,
6756,2464,-1230,-4143,-2486,3482,
11292,1006,11614,-3571,-4051,3260,
13048,2842,22604,-4027,-2290,2150,
10646,1680,23360,-4361,-242,658,
8692,1406,24648,-3440,252,-856,
3844,-728,23104,-590,-1929,-2161,
-56,-4834,28276,-529,38,-3846,
-5984,-6060,17244,-1204,672,-2520,

-712,-3026,17226,98,-113,-40,
-326,-3500,15488,85,37,-6,
3242,-3648,14876,47,668,247,
7504,-740,14840,-946,651,-236,
10662,2732,24148,-726,529,-2197,
2784,-2422,32514,-659,688,-4409,
-14692,-20858,32767,4427,898,-3993,
-18468,-17938,28224,7114,4847,12,
-13094,-14426,1120,6816,4993,2959,
-5386,-1650,-7636,3540,2794,3998,
154,3472,-6208,622,2427,4590,
4916,5906,-6616,-3566,2458,4456,
5372,3342,-3204,-4680,-1057,2358,
9780,-1222,7462,-4110,-5083,1832,
13056,2224,23716,-4617,-3621,638,
11168,622,26280,-5786,534,-386,
5674,-1888,24490,-4046,769,-2330,
1190,-6128,25648,-1970,-201,-3474,
-2736,-8652,22686,292,-1142,-2857,
-3492,-5098,24858,893,-453,-1958,

-410,-2348,17822,-145,-142,-62,
46,-2930,16494,195,-171,-34,
1720,-2944,17334,115,36,-189,
6774,-3052,16264,-581,487,-240,
13872,5786,22974,-1585,1164,-2409,
4334,-3056,29482,-161,1991,-6061,
-13274,-22020,32767,5165,3187,-4697,
-17192,-20228,22404,8172,4375,-1003,
-11506,-13030,7012,5887,6036,3300,
-6140,-2452,-4314,2029,5741,4627,
-270,3990,-9168,-1565,3911,4851,
3030,4444,-7764,-4240,567,4176,
5874,4858,2384,-2194,-2881,1486,
4028,2038,12046,-3327,-1989,1955,
3620,2324,15446,-4443,-1097,1384,
4700,3744,20780,-3680,-1233,1022,
3708,-572,22790,-2280,-801,-141,
3056,2332,20626,-1750,-2034,-1220,
2256,-638,23888,-2105,-1959,-2205,
160,-2774,22182,-1687,-920,-2393,

-168,-2014,16260,-36,-67,-93,
-124,-2330,15626,-222,-160,-75,
308,-2664,16678,156,-267,124,
6492,-5280,12378,-266,-1763,1835,
17468,9060,29412,462,-796,-2401,
8184,-4178,32090,-1022,4273,-3422,
-12074,-9664,32310,3809,1700,-3870,
-18800,-13654,24870,6292,1300,-791,
-14650,-6720,8448,6741,1032,992,
-9250,-6442,2366,3604,1638,3357,
-3950,-1550,-3480,1975,2321,4714,
3982,3024,-4110,-1553,2236,4772,
7376,1880,-2274,-2640,-621,3370,
11320,2548,9092,-2814,-2123,2953,
13112,4498,21502,-3768,-1437,2294,
10504,2428,23266,-3166,739,2056,
6902,3288,21274,-3090,1430,-1321,
3894,-2848,21678,-2220,4,-1972,
3374,-1246,23184,-2069,202,-3025,
1604,-292,22366,-1221,413,-3021,

90,-2030,16018,-128,-33,17,
516,-1734,16118,-445,-50,57,
3898,-1358,17922,-926,-93,131,
12714,4502,26492,-659,1130,-2028,
4362,-2174,32767,1228,4292,-5276,
-11802,-12730,28734,2577,4539,-4003,
-17850,-13384,19182,5030,3818,-493,
-15554,-10058,9110,4656,1551,2435,
-8468,-6502,5378,3835,2548,3973,
-3262,-1180,-5540,-1425,3566,4531,
4010,6490,-6734,-4483,1153,5455,
6520,4416,-1450,-4758,-2413,3147,
9048,2182,10424,-2699,-3624,1883,
8680,-498,19660,-2913,-2569,892,
7864,1844,22284,-3111,-1428,-474,
3470,-4544,21648,-1859,309,-1322,
3114,2374,25280,-1922,-780,-2528,
958,-3334,22474,-441,-842,-3122,
-1364,-3046,24106,-951,-737,-3203,
-4932,-6966,21456,-159,2,-1746,

-1912,-1234,16668,44,131,140,
-3254,-2554,17056,230,-508,173,
-468,-4768,17496,539,-80,861,
6442,-794,11658,-815,534,1349,
17538,5970,16452,-1682,-364,-596,
12678,4150,29940,-1730,968,-4863,
-4542,-9756,32767,1278,2189,-6184,
-26082,-23790,24516,4399,1721,-3222,
-20594,-17452,16138,6022,1720,822,
-11556,-12042,-3404,2898,3181,3851,
1984,-10256,-16534,-125,860,6753,
15546,-4924,-5228,-2289,-3008,6967,
25008,5304,15696,-3783,-2463,4826,
23834,8890,21212,-5523,278,651,
11808,6362,28244,-4139,1543,-3531,
-2920,-8682,21510,-1981,301,-4252,
-7076,-9578,26728,646,-307,-3012,
-5408,-8086,23224,940,1768,-989,
-2740,-3642,16304,1222,2884,106,
-1702,-3630,14922,237,512,1403,

-2262,-1236,16500,56,138,177,
-3908,-724,15868,40,200,210,
-5014,-1838,11774,-225,300,486,
5144,-132,10590,-3263,-102,1260,
19638,8694,28472,-3323,-638,-894,
7944,-4692,32767,-235,368,-4899,
-14430,-19094,32767,3697,-141,-4894,
-20268,-23024,28460,7453,2495,-1101,
-16548,-13162,-4630,5081,2949,2065,
-7282,-7558,-2308,3101,1054,4460,
4098,-1110,-8064,-390,1992,5858,
10678,1100,-7398,-2551,-1305,4475,
14460,1056,9400,-3060,-2156,3061,
18686,2890,15444,-5016,-2096,2319,
18702,1556,24674,-4506,989,-1411,
10590,2664,26848,-4899,2567,-4256,
-1034,-9182,25078,-1677,1202,-6329,
-8740,-14720,24786,36,676,-4899,
-9014,-13236,22368,1445,1080,-2684,
-4630,-8310,15272,1302,2309,-243,

-2302,-1766,19278,391,60,79,
-3298,-3726,18310,638,350,195,
-2990,-1200,15930,499,-16,46,
-1890,-3314,10046,330,-165,505,
5936,3300,8920,-1508,-994,491,
14072,3940,25962,-1892,969,-949,
1746,-3424,32767,-1417,625,-3366,
-20448,-22494,32767,4415,701,-2870,
-23164,-12564,15224,4506,1786,1070,
-16272,-10446,3018,5074,-492,1654,
-6030,-7762,-870,2890,2301,4872,
1944,-2896,-9430,-830,2203,5176,
10134,4378,-13568,-4122,634,5855,
14594,-4896,5074,-3331,-4974,2623,
17456,-1106,14360,-3909,-1661,2104,
16610,-2972,24056,-4631,-946,244,
13256,76,26546,-3905,10,-2548,
6204,-9898,32530,-3019,2608,-3709,
-2410,-9264,30524,-1023,2527,-4736,
-8270,-12190,28564,2267,949,-3956,

-3120,-416,16150,-84,-191,236,
-3652,-1422,14446,-62,-90,278,
312,550,11322,-982,371,851,
8416,7238,13440,-3480,-1373,-1073,
12480,-1178,32767,-1522,-1116,-4676,
-11162,-26178,32767,4126,4291,-4456,
-24622,-30402,24608,7838,2787,-903,
-10772,-13572,8132,5755,5115,3882,
-3192,-384,-7614,133,5833,3959,
-370,1904,-10544,-423,1779,4296,
3374,3038,-9944,-3978,1487,5089,
10370,1778,-2132,-4382,-5765,3998,
14746,-6294,10816,-3357,-5737,3225,
15622,1128,29078,-4883,-2141,1357,
13496,1486,29380,-4199,-941,-152,
8672,-2884,32472,-3119,858,-3094,
-2,480,26628,-1097,2367,-3634,
-8832,-10914,16980,569,-300,-4200,
-7070,-7846,24292,754,13,-2731,
-5070,-7892,15504,33,1672,-424,

-1982,-2542,15884,8,50,133,
-1414,-1984,14072,-416,-93,120,
2342,-1300,16116,-789,-102,152,
11538,3612,22766,-2227,1206,-1496,
6766,-2656,32767,-1035,5023,-3613,
-17180,-19424,28282,3376,5215,-4203,
-26866,-27000,20510,7102,3692,222,
-16386,-11902,82,5411,3444,3948,
-7576,-3052,-7514,2232,695,5108,
-1060,-954,-6342,-551,-365,5368,
6400,2650,-4564,-3159,-1959,5373,
8996,188,1826,-3813,-2988,3441,
13238,-458,11754,-5364,-4674,2081,
12966,-4876,24454,-3997,-2167,391,
9894,3380,27194,-4409,-657,-1294,
6420,-5090,31562,-3234,1257,-2772,
-2156,-4514,20808,-1420,2422,-4153,
-7372,-8066,18882,153,78,-2841,
-7016,-9076,19960,779,806,-1691,
-4048,-5504,16234,599,1249,64,

-7016,-9076,19960,779,806,-1691,
-4048,-5504,16234,599,1249,64,
3906,-1846,18048,-691,87,-288,
9986,-4310,21590,-1620,2049,-1277,
7064,-3078,32767,-883,3501,-3029,
-16808,-20076,32767,3650,3878,-2719,
-24312,-16932,20628,8570,2291,-79,
-16748,-6992,5876,6899,2721,1538,
-9756,-5174,-5898,2759,3022,3537,
-2878,172,-9410,-261,1830,4579,
4176,2920,-7986,-4491,423,4812,
8744,-82,-4234,-4285,-3160,4368,
11554,-5176,7568,-4222,-5181,1499,
15512,-4244,25394,-4776,-4266,2021,
14478,-3334,30188,-5327,3,-718,
7810,-2130,32511,-2971,123,-2417,
710,-6244,23526,-780,2414,-3148,
-5310,-6408,22362,635,173,-3299,
-5984,-10830,21218,388,-207,-2440,
-4042,-4856,19650,299,1483,-891,

-2188,-4220,16370,533,35,599,
-1626,-4266,13202,601,-666,1659,
4030,1356,15986,-1107,-1137,675,
12704,1988,19182,-2034,741,-1324,
13580,1344,32767,-2152,2457,-4301,
-8356,-16730,32767,2226,4144,-5504,
-22788,-22402,32494,7053,196,-1933,
-14210,-14584,9696,6222,3745,1994,
-8412,-6664,-1226,3924,3406,3956,
-3004,876,-4718,768,3406,4331,
1890,1780,-6868,-1371,1176,4884,
5038,1958,-106,-2521,-336,4281,
7998,3764,5066,-3562,-2443,3117,
9258,-1072,19214,-3509,-3126,1727,
12272,1840,26736,-4620,-998,321,
6244,-1600,22518,-2810,6,-1321,
4448,320,26378,-2680,555,-2720,
-1192,-4418,18636,-1552,719,-3260,
-4080,-3610,22478,-276,-1171,-3379,
-2950,-5560,24562,-465,-423,-1978,

-4080,-3610,22478,-276,-1171,-3379,
-2950,-5560,24562,-465,-423,-1978,
2938,-2452,14564,321,270,-111,
8838,1506,16822,-1161,259,-765,
10434,2552,30896,-1546,2099,-2371,
-5240,-8622,32754,298,3520,-4158,
-22692,-22940,32767,5836,962,-2790,
-18350,-15630,17458,6337,3909,1282,
-12498,-10254,-2194,3943,3090,3214,
-4718,-2974,-6252,1722,1775,5045,
3510,392,-6878,-1065,632,5232,
10268,164,2944,-1093,-1022,5266,
11046,4702,6306,-3039,-1374,2731,
9998,3176,13560,-3767,-3007,1115,
7704,3780,24504,-4538,-668,-819,
6740,200,25012,-4722,-905,-1557,
4316,-3056,29116,-2713,737,-3772,
-2734,-7146,23182,-1389,42,-2774,
-4766,-3986,23072,-124,1158,-3292,
-7170,-9592,19298,68,-295,-1406,

-1488,-2836,15720,-250,-86,-15,
-264,-2384,16368,-294,-131,-72,
1720,-2718,16884,-541,-45,-135,
8808,874,21460,-1713,305,-1234,
7344,-662,31644,-1644,2399,-3643,
-9084,-16394,32767,2743,2863,-3418,
-19234,-22110,27318,7542,2075,-1658,
-12826,-13684,13656,6170,4362,2679,
-7290,-8088,-2452,4324,4463,4599,
-1976,92,-5876,274,2492,6046,
3704,5018,-2136,-1744,224,5377,
5326,5142,318,-3015,-272,3976,
6606,3476,5710,-3914,-2196,2458,
7978,1728,17392,-3541,-1771,558,
8692,90,21548,-3954,-525,-335,
6110,-448,19592,-2373,-1344,-2444,
7728,3788,27794,-2809,-1652,-3945,
24,-9718,28308,-1394,-473,-5054,
-5366,-7224,24692,-827,454,-3702,
-8054,-8390,23154,848,905,-2417,

-2162,-1800,15792,-330,-145,-21,
-2396,-2408,15564,-697,-10,-81,
-358,-4358,14626,-1208,-58,116,
7910,-1726,17320,-2067,-46,54,
11386,842,27824,-1735,833,-2470,
-1758,-10224,32767,-102,6949,-2901,
-24742,-24010,13936,6665,4377,-2333,
-20214,-12430,17614,7335,1000,2181,
-13074,-7680,7248,5569,3055,3992,
-8144,-94,-5318,2227,2856,5262,
-2744,2862,-7094,-235,868,5082,
2952,4490,-4756,-3482,395,4858,
5640,2630,-2024,-6146,-1218,2881,
8450,-1390,12338,-3498,-4189,1618,
9482,-2544,22526,-4410,-2145,558,
7898,676,22646,-4455,642,-1412,
3846,-3398,22478,-2973,-998,-2952,
2440,-4676,27898,-1681,470,-2951,
-1304,-5944,21758,-762,316,-4149,
-3664,-7884,22164,284,-266,-3093,

-982,-3222,16728,-22,-31,99,
-1082,-3798,15586,-55,-23,-41,
1100,-3570,15242,-626,-386,281,
7934,-1438,18224,-1125,271,-656,
8490,1764,24704,-1487,1910,-2911,
-2578,-7106,28710,2689,2186,-7607,
-11856,-26742,32767,5783,1851,-4548,
-11440,-19172,24324,7096,6686,-227,
-10450,-13652,3510,5606,6005,3625,
-7894,-4232,-3424,3026,4179,5934,
-3482,1934,-8292,-586,2695,6437,
2396,5494,-7094,-2812,-1102,5230,
5780,2154,1060,-5068,-1730,4213,
6776,1384,7306,-4718,-3628,2667,
9828,494,21486,-5015,-2482,1368,
9788,1418,22268,-5605,-112,150,
6744,-1974,23698,-3391,-277,-1949,
2674,-4596,24264,-3412,696,-3470,
-962,-5676,22452,-1495,526,-3231,
-3574,-6870,22172,-564,291,-2983,

-1208,-4060,16088,358,180,266,
-1094,-4944,16440,1282,46,586,
1420,-2310,16860,1057,-121,876,
6980,808,16576,688,130,-725,
9548,2134,19318,-1158,365,-2889,
3700,-3630,32767,-1242,3046,-4209,
-13822,-20760,32767,4418,2912,-4605,
-15546,-18116,30646,7274,4093,-182,
-13732,-11176,2552,6423,5831,3028,
-11512,-1566,-6270,3711,2729,4630,
-5390,1918,-5880,976,1197,5136,
-818,3380,-6582,-1960,466,5129,
5290,3240,-1802,-5015,-180,4731,
8738,648,5802,-4829,-3020,3115,
9342,-1646,19824,-4245,-1398,1538,
6738,484,21092,-4270,248,476,
6758,28,20472,-3230,-1046,-1236,
5716,-634,28838,-2889,-258,-2415,
2008,-298,23936,-2091,1324,-3265,
-3620,-6012,20220,-211,-54,-3318,

-804,-1306,15756,-375,153,-382,
2292,652,17278,-797,439,-820,
5606,2060,21586,-970,2203,-2382,
-328,-384,28978,-1912,4894,-4144,
-16268,-23382,30046,3976,29,-4120,
-18026,-17254,32716,5535,1926,192,
-14432,-13224,8178,5093,2978,2886,
-9074,-5638,-1416,3149,1403,3931,
-2312,-498,-1376,449,2880,4371,
918,3914,-8662,-2135,1777,4201,
3192,1026,842,-2604,-1049,4789,
5684,1472,4378,-3666,-2077,4782,
9162,-3378,15162,-3926,-4205,2912,
8746,-588,23958,-3519,-1451,1421,
7222,-700,22464,-3004,-938,-198,
6964,2700,27330,-2654,-361,-2485,
2024,-2494,24932,-2390,1697,-3832,
-3168,-5172,22486,-625,810,-4448,
-6032,-7976,20054,681,-213,-2913,
-5530,-8598,19306,668,-266,-1223,

-5530,-8598,19306,668,-266,-1223,
1828,-40,18240,-1369,296,-767,
3346,-4772,22608,-1610,1643,-1705,
-994,-6332,32767,-154,3744,-2253,
-15558,-17874,23590,3447,1396,-1413,
-16950,-13798,24512,5409,478,767,
-13282,-9518,14514,5886,1680,2415,
-10190,-6478,2366,4541,2544,3640,
-5596,-3186,-7472,2808,2812,5073,
3664,842,-5482,-1530,7,6030,
9740,1180,1076,-3350,65,5192,
11124,2512,3818,-4355,-2879,2926,
14220,-970,23384,-3345,-3573,1329,
11068,2496,23838,-4368,635,-327,
5360,2960,23718,-2488,-831,-2014,
5648,-954,30842,-3050,545,-3672,
-48,-5136,21984,-1811,1270,-3548,
-2704,-4572,19790,-576,1186,-3769,
-5082,-6704,19180,74,550,-2578,
-5536,-8060,17626,-280,214,-1355,

-5082,-6704,19180,74,550,-2578,
-5536,-8060,17626,-280,214,-1355,
4226,-3102,16446,-565,184,-532,
9014,56,23902,-996,755,-1603,
3174,-3952,32767,-766,2995,-3369,
-13116,-19240,32388,4493,2467,-3441,
-17298,-17738,25324,7400,2889,-398,
-11214,-12520,9368,6564,4440,2461,
-7358,-4974,-666,3860,5003,4258,
-3360,1804,-8486,-490,3966,5562,
1510,3792,-7892,-2961,756,5104,
5448,4910,606,-5219,-460,4331,
5504,810,5106,-4554,-3779,1620,
7314,-1820,21136,-3816,-3080,1012,
8064,-488,24718,-4878,-1102,295,
5696,-4102,20246,-3337,-1156,-838,
5118,-580,28822,-2838,211,-2632,
1448,-3982,22138,-2274,1253,-2668,
-3234,-6170,20840,373,-354,-3071,
-5022,-4842,21738,0,-29,-1918,

-5022,-4842,21738,0,-29,-1918,
600,-2826,15040,-674,-234,-34,
5344,-2452,15572,-2270,-525,-375,
10104,220,25216,-1737,1505,-1877,
-48,-9498,32767,-162,3737,-3082,
-15394,-19650,32767,5198,877,-2514,
-15148,-16940,22392,7651,2757,383,
-13018,-8980,1842,5919,2782,3576,
-9276,-16,-2742,3813,601,4494,
-4150,2402,-1614,1949,1585,4574,
1038,2592,-6496,-1643,1102,4459,
6514,780,-934,-3716,72,3998,
10788,-1500,5946,-3731,-2715,2912,
11248,100,22888,-4608,-975,730,
9450,-2380,20878,-6319,-236,53,
7370,-1212,26352,-4359,-348,-3146,
2242,-5680,26474,-3206,2453,-2882,
-1056,-6514,20792,-648,1641,-3982,
-5658,-7946,19014,417,3,-3370,
-5010,-9558,19728,651,960,-1986,

-1102,-3510,14978,484,-363,243,
1242,-868,15782,109,-699,-80,
4410,628,15778,-923,-408,-1384,
8746,-1142,23550,-1886,136,-2971,
5030,-6538,32767,-379,1574,-4347,
-7582,-20788,32767,4326,2446,-4501,
-15692,-23058,25108,7312,3650,-455,
-12880,-16294,5720,6849,4965,3236,
-5120,-7260,-1196,4377,5025,6063,
778,1788,-6298,491,4797,6847,
5610,6630,-1628,-3333,1664,5693,
6084,4294,1410,-5596,1575,4307,
6078,3694,6108,-4388,-2204,1961,
9156,-568,19854,-5102,-2443,630,
8376,590,21326,-4614,-714,-1129,
4954,-2308,22928,-2141,-962,-2865,
3808,908,27256,-2687,-499,-2860,
-428,-6352,21614,-1316,592,-4819,
-4036,-5454,21492,-340,-272,-4223,
-4984,-8614,19972,674,-507,-3364,

-4036,-5454,21492,-340,-272,-4223,
-4984,-8614,19972,674,-507,-3364,
3458,-574,19686,-599,581,-553,
2344,-1130,26122,-1109,2129,-1769,
-5072,-8902,28252,959,2011,-1774,
-11908,-10758,27982,4256,202,-1025,
-13144,-9940,23648,5411,1417,448,
-12454,-9020,10764,5916,2130,2489,
-7046,-3888,4746,4497,3449,3460,
2598,2314,2866,2468,6927,3219,
6626,4368,-4944,-2408,6912,3363,
916,8256,-15438,-5300,919,2272,
4170,-2960,2818,-5305,-5740,2441,
10736,1052,21130,-5750,-6034,2801,
10694,-4274,25884,-5567,-3472,74,
8322,-1402,29118,-4002,-1236,-1255,
4594,-6016,27152,-3119,784,-2110,
612,-990,25344,-2033,1423,-3367,
-3620,-5070,22300,239,134,-4444,
-5290,-7124,23040,580,61,-3643,

-2790,-1394,15974,-99,-82,-110,
-2336,-1518,16076,-148,72,-317,
-1464,-1460,17314,-311,-53,-331,
-898,-116,23228,-476,243,-978,
-3336,-922,32767,324,2850,-1229,
-12400,-11456,27372,5843,4895,-2527,
-16744,-13026,12342,4881,3633,2462,
-10662,-5144,4882,3956,4002,4006,
-5352,142,-2146,2658,4447,4967,
-1062,3778,-6298,-989,3373,4639,
2992,2992,-7434,-4772,-992,4252,
8192,1440,4168,-6388,-4188,2354,
11090,-706,13334,-6538,-5203,1231,
9708,-1464,25784,-5586,-3278,-687,
7544,-4040,23494,-5341,-1100,-1973,
4898,-2604,27480,-4078,-79,-3773,
1230,-7740,23254,-2354,-55,-4363,
-1088,-7824,25876,357,-1116,-5169,
-4504,-11810,26608,776,161,-3556,
-5304,-9070,19484,693,1906,-1592,

-450,-2070,17400,-289,875,-559,
-406,-790,17146,-721,1227,-589,
-964,-2106,18110,-585,1612,-932,
-2956,-6350,28322,74,954,-1249,
-10488,-12564,32364,3099,1798,-864,
-12944,-10896,27350,6105,1855,435,
-12714,-8850,11592,6603,3737,2124,
-8706,-2834,2112,5342,3623,3331,
-5366,2932,-1894,1598,3407,4346,
-2786,7784,-5164,-1627,1971,4342,
-500,4078,-4984,-3480,447,3179,
4378,-494,-4222,-5457,-2212,2970,
13550,-1958,14424,-6034,-4787,2189,
12026,-568,27606,-5445,-1011,-607,
7338,-454,26290,-4068,-302,-1953,
3926,-1400,28188,-3149,-1482,-4028,
-3442,-8826,23698,-2833,1710,-3157,
-7104,-7728,17690,-1193,-453,-2672,
-6006,-8638,21146,163,-1328,-1564,
-4438,-5242,20560,59,787,-688,

-7104,-7728,17690,-1193,-453,-2672,
-6006,-8638,21146,163,-1328,-1564,
-4438,-5242,20560,59,787,-688,
1866,-4052,32214,1184,2603,-3297,
-12492,-14452,30954,4058,3114,-1648,
-15858,-11008,26868,7197,2584,88,
-11708,-9580,13102,7157,4069,2791,
-6008,-1528,86,4738,6017,3777,
-2272,1058,-8076,823,5027,4935,
4458,8108,-348,-2091,3431,4846,
3084,8664,-9268,-4590,2935,2498,
324,1266,2002,-4715,-2762,634,
3010,-1028,9272,-6057,-3150,937,
6486,-2868,19306,-6451,-4325,-359,
4812,-2660,21840,-4147,-2367,-1135,
6010,1166,27240,-4132,-2297,-2876,
4738,-3852,27306,-3355,-808,-3593,
1266,-4482,23408,-1341,220,-4192,
-2766,-7410,22592,-761,-378,-3682,
-3408,-9270,22036,1300,33,-2915,

-3408,-9270,22036,1300,33,-2915,
-988,-2156,17022,-204,22,-84,
1660,-1180,19276,-468,369,-209,
2544,-1500,32767,-776,1268,-607,
-6722,-7498,32767,3878,5261,-1614,
-16360,-10602,18566,7020,2722,-226,
-12672,-7654,11160,5830,3465,2071,
-7984,-3976,456,3247,4717,3626,
-3914,-312,-5100,2183,4514,4751,
84,1226,-14094,-3181,1162,4980,
8398,4748,-3888,-6432,-2085,3526,
12386,-2092,5712,-6301,-5880,1722,
14972,-2688,25082,-6636,-4134,638,
11520,-938,25510,-5666,-1090,-1524,
5362,-3816,28120,-3950,-282,-2941,
874,-6976,26512,-2523,992,-3361,
-2184,-5472,24286,-993,-252,-3348,
-4670,-7822,23360,593,615,-2990,
-4578,-5032,20618,876,914,-1696,
-3096,-6302,17138,161,651,-39,

-734,-2472,15800,-196,-157,61,
-1144,-2984,15022,-306,-253,33,
300,-3236,16126,-442,-560,245,
7606,-706,22316,-62,-493,-251,
14026,1976,24884,-716,2066,-2465,
7672,-564,26854,590,5261,-5074,
-14856,-18836,21900,2279,5331,-4211,
-21908,-21114,28234,6942,708,103,
-13080,-10200,17052,7566,3757,2448,
-7316,-5902,3942,6521,5615,4236,
-4850,3402,-8412,2705,5382,4958,
-1342,6994,-16128,-908,4018,4239,
3346,3664,-12164,-7237,-120,3576,
8848,-4202,-514,-7956,-4830,2405,
15546,-3112,23802,-6804,-5462,1163,
10878,-1102,27992,-5536,-722,-326,
6904,-4854,14646,-3993,-2547,-752,
6100,-2048,30434,-2985,-2889,-2321,
2810,-6030,27658,-1681,112,-2856,
-778,-6358,23678,-1652,1541,-1538,

-134,-3342,16172,-116,-72,40,
392,-3650,15794,-219,-110,108,
2014,-2804,16322,-346,15,-23,
7088,-1454,16844,-942,472,-291,
11600,5952,27460,-1586,2246,-3182,
-188,-10100,32660,451,4017,-4391,
-16188,-24864,30394,4186,3786,-2809,
-16204,-16936,17844,6409,3446,983,
-11940,-9396,4326,5266,3531,2825,
-8546,-3442,-6284,1894,1921,4552,
-4490,-166,-6342,-38,27,5505,
2462,1770,-2602,-1650,-1022,6004,
8280,1292,3874,-4210,-1817,4407,
11092,596,17466,-4394,-2568,2339,
11432,-454,21362,-4045,-2179,908,
8168,802,21928,-3419,-306,-1456,
6154,-196,27510,-3144,-1152,-2486,
2742,-4602,22452,-2490,585,-3204,
380,-5040,21482,-607,-117,-3723,
-2056,-8124,22324,-64,462,-2820,

-2056,-8124,22324,-64,462,-2820,
-1364,-1758,14166,873,-58,422,
460,-974,13502,647,-807,441,
9056,1400,16546,-445,-774,612,
14518,5760,29636,-791,-728,-2304,
2652,-6346,32767,-794,2814,-3898,
-16982,-12360,32767,4532,2039,-2429,
-16962,-12788,14702,5544,3629,264,
-13318,-8062,-1682,4865,3184,3254,
-6822,534,-6742,2350,2104,4620,
-668,3036,-7730,-624,-285,4629,
5194,1558,870,-3234,-1131,4215,
11376,1306,9300,-4820,-1878,2822,
11796,-786,16878,-4008,-1165,1536,
11468,1356,22372,-4128,161,-232,
9510,2142,20040,-3382,800,-1946,
6006,-234,25908,-2183,58,-3519,
142,-3746,23872,-1731,1934,-3444,
-4480,-5384,19806,-636,866,-3715,
-6418,-6788,20220,214,937,-3117,

-1984,-2644,16320,-79,33,140,
-1762,-2500,14976,-351,119,251,
1372,-2502,11592,-652,238,205,
14602,3926,16198,-2335,-640,-909,
13010,-276,32767,-941,1596,-4822,
-24334,-29850,32767,6780,1421,-4317,
-20038,-25576,17868,9885,6165,1068,
-16366,-16940,-25976,7333,4978,4331,
2780,-3846,-32768,-4012,2399,8371,
24646,-8072,-16598,-7131,-4198,5418,
32767,-558,21932,-12124,-5458,495,
24262,266,32767,-6901,1136,-5083,
-438,-15038,32767,-2043,1286,-6090,
-12978,-17336,24468,-300,2046,-3352,
-6574,-8344,23588,1212,1752,-779,
-2822,-3568,11808,1066,2321,354,
-1056,-976,11478,323,271,56,
-3302,-374,14052,227,174,-31,
-944,-1270,20144,-84,-507,117,
-2360,-3626,16946,-64,200,359,

-2100,-2480,16224,-68,10,-189,
-2788,-4434,17094,-107,117,91,
-1514,-3942,12822,-38,252,436,
10220,544,10050,-2268,1323,817,
18712,4786,29880,-1848,-1277,-3937,
-10516,-24542,32767,2910,353,-6084,
-26608,-32768,32767,8693,5087,-358,
-19194,-18612,-10028,7703,5930,3912,
-7390,-8350,-29778,3958,3371,7849,
14834,-8406,-30356,-5487,-2280,7424,
31690,-3692,8700,-8834,-4622,3774,
24052,1316,32767,-6620,-403,-1743,
9640,-4524,28958,-3440,-414,-4759,
-3832,-14564,31660,-1575,909,-4767,
-8066,-8278,23004,271,533,-2654,
-6318,-9164,23768,1295,1346,-1130,
-2976,-3372,13086,1322,2570,266,
-2118,-1248,10292,546,836,377,
-2238,-2710,14650,493,326,236,
-2986,-3430,14598,-58,-97,712,

-1254,-206,16396,848,-1082,-111,
-3042,618,16742,1434,-2079,-862,
-2574,-3964,19548,1298,-1646,76,
4374,-8982,10080,-665,2940,3528,
21270,9402,1332,-4644,1357,2029,
26714,-730,32767,-3380,676,-3721,
-5560,-20204,32767,-218,1142,-5641,
-27220,-25886,32767,7505,3762,-2493,
-23916,-11988,-4974,6900,3647,2281,
-12142,-10862,-15764,4638,1962,4095,
9096,-4166,-22338,-3277,-831,7102,
19530,-10532,-3766,-4275,-3688,4311,
32767,4682,32767,-5781,-1566,2008,
17628,1608,26482,-4395,1332,-3292,
1636,-758,32767,-2812,2747,-5068,
-11458,-11062,21830,41,-124,-3864,
-7268,-8986,24888,1238,389,-1589,
-3098,-5350,15990,2175,2203,8,
-78,-948,12698,2007,1095,346,
-1802,2792,14340,1452,1631,97,

-3908,-838,15404,339,-149,626,
-1082,214,15728,355,-594,700,
674,570,12578,-301,362,665,
3172,-84,7842,-1584,1622,576,
10558,3522,10668,-2927,1211,-1673,
10382,-3842,32767,-1983,-252,-3854,
-21654,-9594,32255,1903,1052,-4194,
-25280,-10844,27808,7804,756,-2031,
-25500,-10612,7306,6012,3278,2161,
-16558,-8936,-12902,4233,863,4694,
950,-4872,-8090,260,3191,6824,
9440,-5210,-18756,-4886,-404,6526,
21982,-8452,3214,-6752,-4208,4339,
24436,-5998,26474,-5974,-2914,1717,
15802,-1844,30160,-4556,2693,-1305,
-17008,-1234,8230,205,1218,-3965,
5208,-458,32767,-510,-362,-4904,
-4802,-8412,14126,-48,1873,-3750,
-5066,-7480,17908,714,1436,-2560,
-3454,-4396,12750,335,2024,-1078,

-548,-618,13978,-259,76,123,
-146,-976,13930,-920,-58,102,
3766,-1230,16936,-1133,-152,-174,
10792,-102,29276,-220,-70,-1851,
8902,-2312,32767,828,3323,-3628,
-9946,-11122,32767,4155,2718,-4377,
-19718,-24688,26560,7498,4914,-904,
-13092,-10800,3036,6127,5606,2940,
-4192,-5006,-4190,3070,6685,4758,
-4204,7422,-10052,-1332,2994,5115,
-470,5232,-6344,-4437,851,3756,
1998,5138,-6200,-5431,-2330,3058,
5272,-6850,2614,-4242,-5940,1642,
10464,-2708,18046,-3818,-5016,1819,
12252,-6884,25290,-3890,-2809,1778,
13572,-1838,23672,-3883,184,384,
11216,-270,27048,-1952,259,-1662,
6848,208,24744,-3021,2189,-3662,
350,-2890,19520,-1044,1499,-4625,
-4364,-7164,19544,13,-740,-5690,

-1918,-2594,15960,-150,300,463,
-2432,-2632,12674,-534,239,716,
6014,-628,15910,-2300,217,5,
19214,6794,31926,-2494,1083,-1397,
3330,-11058,32767,2555,4459,-5431,
-32768,-32768,32767,8969,1860,-2011,
-19166,-22750,1256,8400,6236,3810,
-1676,-15522,-32768,4863,6489,7103,
17352,-6710,-29098,-6192,-3607,6938,
32767,-5262,5558,-8699,-8132,4747,
32554,3960,32767,-7682,-2370,-394,
9806,-5890,32767,-2398,2411,-4548,
-6746,-14448,30962,-885,2838,-4164,
-11464,-7428,16786,-295,1806,-2438,
-4328,-5974,24882,769,-631,-437,
-2468,-5030,15074,222,1542,471,
-2180,-1130,13810,349,431,506,
-2802,-3552,14960,508,176,-34,
-2562,-3696,16166,38,15,653,
-982,-2568,17108,-184,-134,644,

