292,1114,16370,138,-836,607,
808,1092,17156,-1,-754,770,
1858,768,16328,-379,876,30,
-7906,4942,6908,-1128,362,-558,
2104,2802,18980,-783,-389,360,
1438,130,19308,-211,-22,-168,
1246,1956,18022,81,327,-660,
250,934,16848,382,408,-778,
-850,198,16210,115,363,-663,
-1400,-120,15720,-76,258,-369,
-676,1036,15904,-80,160,55,
-8,1858,16118,-309,-133,112,
266,1150,16584,-267,-176,-48,
-1688,2418,15148,-319,-196,-381,
-13312,682,8134,-64,-1872,-1138,
-11394,-10392,21578,-567,-4542,4218,
14328,-1122,32767,-480,-299,6704,
25398,5290,32767,2738,3196,2004,
22370,312,17324,5370,4001,-1464,
17784,876,5464,5598,2581,-4887,

25398,5290,32767,2738,3196,2004,
22370,312,17324,5370,4001,-1464,
17784,876,5464,5598,2581,-4887,
-12522,-8806,1072,-2924,-7387,-3187,
-12040,-12026,22230,-5263,-7497,956,
-6536,-8336,32767,-3976,-2004,4292,
4048,-3876,32742,-4524,2644,6275,
11966,2784,31766,154,1563,4451,
15244,3342,20644,937,5122,2792,
10398,-6720,5996,986,1852,1669,
5348,3684,16106,817,-778,-36,
766,-1414,14904,745,-249,-125,
174,448,18192,-241,17,-437,
-300,-670,17478,-135,-389,-333,
-182,-2,18658,50,190,-213,
-166,230,16276,106,208,-228,
-356,-458,15980,-16,-133,-84,
-298,-172,16082,-243,-161,12,
-60,-658,16442,-322,-325,-46,
522,-110,17326,-244,-233,16,

418,-534,17116,-46,-46,-37,
330,-338,16468,-94,31,-91,
-3078,474,12318,-11,-312,-402,
-11900,-5244,2994,305,-4001,-36,
-7396,-9628,30296,-494,-4251,4681,
18462,-1924,32767,-2024,2736,6689,
22442,-2834,32767,3886,4095,3036,
17140,842,10872,8055,710,-1529,
15362,-1434,8226,5121,1042,-4458,
10768,-2474,1162,6258,352,-5877,
1802,-7158,-6748,3204,-1574,-5794,
-9022,-5332,-10282,-733,-4867,-4388,
-15328,-10158,5702,-5343,-7667,-1884,
-11814,-11990,30880,-6197,-4909,2939,
-3268,-6940,32767,-5218,86,6037,
6422,-1196,30524,-1448,-230,5309,
12920,4346,26134,-192,2273,3293,
9934,-1980,20868,434,3306,1569,
7946,-7822,10226,851,-48,767,
3982,1908,18312,351,149,-557,

810,-1844,16994,-32,-30,7,
1406,-1184,15858,-191,-59,119,
-418,-226,13156,-6,-1061,260,
-10390,-544,7430,-925,-1519,-855,
-10786,-20372,32767,-1291,-4277,5079,
15260,-9724,32767,988,-236,6633,
24486,104,29458,4883,3053,1968,
19876,-1262,16786,7846,1889,-2679,
17052,-3436,-488,6243,1283,-6005,
8722,-6256,-3738,6176,-1003,-6830,
-58,-8136,-7688,1647,-2376,-6554,
-10736,-8346,-2392,-1909,-4692,-5193,
-17308,-12768,11080,-5451,-6061,-1994,
-12632,-13470,30002,-5628,-4671,3296,
1026,-6240,32767,-4173,-336,6165,
10652,3820,32767,-2343,1243,6132,
11834,746,27300,-410,4008,4043,
6676,454,17678,2147,2189,1340,
6622,-6056,15722,1030,-21,816,
1952,470,14064,800,490,-168,

6676,454,17678,2147,2189,1340,
6622,-6056,15722,1030,-21,816,
1952,470,14064,800,490,-168,
18092,-780,32767,1192,3236,5534,
20844,746,17182,6625,243,1601,
19140,622,11394,5147,786,-3642,
18020,972,8990,5675,124,-6043,
11566,-6694,-1724,3814,1017,-7500,
1484,-7968,-3320,1403,-935,-6410,
-9430,-5526,-4654,-1942,-2920,-5390,
-18302,-12758,5908,-4481,-6520,-2478,
-13794,-13638,28494,-4758,-6048,2559,
-1238,-5126,32767,-4260,-584,5867,
8466,718,28216,-1692,-113,6070,
12870,1240,25970,-1291,2138,4842,
10494,372,20624,860,186,1830,
3644,1822,14300,717,930,215,
5918,296,19892,-88,241,332,
2090,-4168,13900,292,284,-498,
1136,-1636,16382,-80,-256,-375,

280,-2872,17096,50,52,-175,
1014,-2264,15756,118,183,-189,
-422,-1394,13340,25,-226,-342,
-5440,-3578,10260,-388,-959,-251,
-15018,-13742,18144,-1062,-4520,733,
13162,-14506,32767,-1082,-1134,9093,
19392,-1898,29282,2927,1352,4239,
19018,-1272,22016,6309,608,834,
19372,-2262,15116,6359,4584,-2941,
15566,-2236,1640,7947,1453,-5026,
9294,-1978,-2490,6091,290,-7010,
-2808,-6090,-9496,2440,-2981,-6934,
-12672,-6966,-3936,-2365,-6143,-5401,
-16668,-15658,12342,-5705,-7825,-1746,
-11770,-14172,32008,-5518,-5393,3647,
-14,-8060,32767,-4123,-815,7533,
14128,-202,32767,-2875,1749,7461,
12538,-3812,18980,647,3829,3605,
10420,-1818,18488,813,582,1765,
5738,-1758,12076,400,695,224,

-36,-2778,15108,21,-123,-445,
-1502,-2178,14674,-12,-205,-438,
-2380,4,12688,256,554,-600,
-9296,-6164,4862,-885,-2865,205,
-6448,-20610,32767,-1636,-5511,3645,
13604,-6326,32767,1487,322,6381,
20424,-1494,24794,4269,2196,3495,
19682,-4264,23574,5838,3495,483,
17160,-4190,11054,4014,4344,-1491,
13478,-994,2658,7670,1837,-4744,
4580,-6688,-12002,6571,-1601,-7029,
-4952,-4634,-5452,1634,-5037,-5972,
-14764,-9048,-2234,-2916,-7046,-5004,
-14386,-10158,23334,-4968,-6452,-526,
-7202,-6952,29780,-4638,-2739,2606,
-2460,-4386,31566,-3296,-404,4230,
4872,-980,26366,-1597,-357,4188,
10558,974,26800,-698,1591,4315,
9746,-338,18708,-48,3179,2388,
5760,230,15776,495,1015,976,

172,-2626,16770,509,-54,-55,
486,-1728,16622,151,66,-11,
-280,-432,14054,696,-288,-303,
-3928,-80,7362,2750,-3055,-1767,
-11052,-9708,18568,586,-4424,1092,
6314,-6678,32767,-2206,1300,7487,
17624,216,32767,2498,3420,5071,
17754,3086,14122,8221,46,1005,
17670,2348,12808,5530,1052,-2264,
15602,1170,4226,5398,-609,-4185,
9886,-3322,1394,3113,-1127,-6772,
-896,-7082,-3006,711,-2341,-6697,
-10636,-6464,-1746,-3100,-3825,-5105,
-20264,-16048,4526,-4794,-6764,-2595,
-6458,-8800,32767,-6443,-4728,4487,
914,2524,32767,-5244,1913,4484,
5830,-1154,30200,-1828,1314,5045,
8778,1488,26430,630,497,2722,
7832,1442,17346,660,1158,1987,
5688,-224,16610,752,388,869,

546,-858,16456,-7,43,-253,
822,-560,16288,-110,185,-136,
496,-584,13830,485,-382,-153,
-5502,-804,10654,-662,-1005,-735,
-14450,-10722,14342,-1678,-4283,1678,
1824,-9576,32767,-1282,-2346,6189,
16488,-2330,32767,2465,844,5266,
20024,998,26070,5294,787,2391,
20936,5764,19828,4722,5261,-2007,
15394,-4168,4140,8049,665,-4363,
11570,-6812,7588,6414,-323,-6962,
3386,-8036,-1992,4180,-1272,-6366,
-4230,-2794,-3722,762,-2969,-5941,
-11528,-6708,1766,-2149,-4521,-3976,
-15896,-4744,16732,-3337,-3346,-323,
-13146,-2582,21732,-4984,-1978,1740,
-9350,-2330,26864,-4011,-2193,3192,
-2754,-3546,16746,-1618,-4605,4528,
5310,2826,29660,-1914,-291,4441,
6612,-1854,23658,-1043,693,4786,

248,-56,16202,-405,-107,-602,
-298,-840,14878,-543,-340,-616,
-3078,-2874,13870,-1119,-1072,-303,
-10348,-6990,12674,-180,-2615,828,
-710,-8510,27028,-974,-3029,5347,
10644,-5038,32767,1409,-2041,4910,
17260,-1116,31874,4083,668,2423,
16328,-2618,21806,5990,2849,-1347,
15206,-4316,7526,4764,3419,-3229,
13178,-1224,7844,7396,2394,-5786,
7662,-3214,630,6303,1246,-6695,
-110,-778,-1746,3125,-463,-6863,
-11124,-3696,-4266,-510,-2995,-6171,
-16326,-7506,1408,-2848,-5754,-3351,
-14924,-11662,10356,-4173,-7429,337,
-3802,-5918,23810,-6182,-5520,4659,
2030,-3724,29360,-4717,-3535,5177,
6150,-7306,24934,-2436,-1472,4287,
8920,-1682,27962,61,-1229,3744,
7570,-2080,20580,708,1100,2861,

1816,-2068,15370,-840,-689,-192,
378,-2162,14062,-896,-887,-351,
-3776,-2418,16360,-1387,-1435,11,
-7734,-5392,19448,-995,-2874,770,
-828,-9962,32767,-664,-2126,4176,
10442,-6002,32000,3065,-859,3462,
15262,-3456,26692,6032,528,1000,
14390,-6538,20980,7434,4214,-1738,
14440,-4292,8844,5831,5861,-3059,
10950,-2390,970,7506,3689,-4771,
4356,-1444,-3300,5707,916,-5868,
-4908,928,-4752,1928,-1549,-5894,
-12050,-3326,-3334,-1349,-4341,-4663,
-14246,-5426,5522,-4732,-5589,-2057,
-14218,-8634,13476,-5468,-6184,653,
-9032,-5926,22720,-6610,-6362,2890,
1406,-7888,32767,-2671,-4558,4962,
7868,-1960,28680,-979,-1239,5064,
7846,-692,19340,-126,-57,3844,
6720,-2196,18618,857,-247,2933,

1086,-2366,18864,266,-463,458,
818,-3152,18916,305,-1062,1092,
3550,-942,22208,144,-1576,1264,
8548,-4128,28392,-626,-1596,2032,
10544,-2896,29404,2252,1634,43,
10254,-5402,13946,4469,4143,-2088,
9050,-3658,7958,5645,3226,-3258,
5884,-2074,428,5428,2383,-4552,
1296,1616,1908,3573,742,-4824,
-4728,2230,1756,1258,-51,-5339,
-10102,340,664,-571,-1168,-4951,
-12976,-1942,1424,-2634,-2295,-3394,
-16740,-9686,5810,-6559,-5200,-729,
-13222,-12988,23288,-7275,-4437,3026,
-2252,-15016,32762,-4146,-4717,5431,
9302,-3862,32767,-845,-1866,5441,
7766,-4772,17358,1416,430,3002,
9148,-2492,18238,779,-417,2754,
6254,-3820,15902,1439,985,811,
5128,-6750,13460,203,-805,1071,

9148,-2492,18238,779,-417,2754,
6254,-3820,15902,1439,985,811,
5128,-6750,13460,203,-805,1071,
15204,-156,21324,5433,-489,753,
16580,-4970,9440,3362,2876,-3423,
14930,-3320,9124,6792,1552,-5694,
9288,-4300,90,6025,2176,-7891,
2178,-3550,-1120,3084,239,-6925,
-6914,-1332,-1400,408,-1263,-6760,
-13836,-9396,-72,-2521,-4509,-4235,
-20276,-6096,7154,-4392,-5963,-1148,
-9816,-13644,30546,-6943,-4907,4629,
-406,-9846,32702,-5592,-2008,6108,
16810,1544,32767,-3083,-1762,7793,
10124,-6966,17488,2173,628,2038,
6650,-68,13356,53,922,1825,
6010,-2184,15788,437,38,856,
3072,-3742,15166,284,273,208,
2232,-2718,16410,366,497,-147,
776,-2482,18088,892,575,-283,

1542,-1542,16860,-72,-423,-571,
954,-1170,15566,-206,-4,-1041,
-3394,-2946,12056,-339,-455,-1117,
-7226,-6954,10708,-485,-1554,-21,
-5284,-7878,25968,-2075,-2318,2452,
7874,-7740,32767,-807,-822,5113,
12308,-5706,32767,4127,13,2566,
11252,-4770,17648,6203,-162,663,
12660,-462,17290,5756,1186,-1086,
11430,-3112,5528,5566,2091,-3588,
9536,-168,3952,6070,315,-5223,
4866,-1224,-1196,3838,-140,-6280,
-3100,152,-3770,180,-1312,-6079,
-9578,-3964,634,-5200,-2609,-5819,
-14344,-4972,10488,-6339,-3024,-3320,
-14016,-8732,15398,-5204,-3977,55,
-7706,-7188,22900,-5382,-4843,2692,
178,-5670,29092,-3053,-3462,4118,
3302,-8442,28156,-1008,-1216,4328,
9462,-1680,23764,753,-1333,3750,

3056,-1564,17010,244,383,-765,
2066,-1932,15368,422,404,-1130,
-3970,-1962,13068,-101,347,-1352,
-9992,-13118,11466,-540,-2856,715,
3270,-11830,32712,-1153,-3017,5246,
10790,-5990,29402,1460,-372,5409,
15656,-1128,26688,3663,-298,2581,
15992,-2832,21858,7141,1602,-1493,
17708,-2076,16026,7091,4604,-4532,
14032,-6430,-414,8842,3984,-6762,
5346,-4306,-7034,5399,-83,-7490,
-3612,-1528,-9232,1655,-3232,-6714,
-10770,-4776,-3712,-2196,-6831,-5037,
-11294,-10602,12542,-4282,-7906,-1075,
-4956,-6482,28152,-4836,-6020,1766,
-1510,-11572,30719,-3171,-2207,3658,
4284,-274,24578,-1209,-1808,5497,
10346,-1930,28782,-2275,1264,5681,
8686,-1334,15258,-301,5,4345,
8980,-352,23692,105,815,2705,

1776,-1648,15286,-317,-378,-936,
424,-3280,12126,-1090,-501,-756,
-2598,-4250,12600,-2454,-2106,-91,
-8238,-12758,20402,-1561,-3730,863,
2574,-16052,32767,417,-1031,6155,
13382,-10314,28772,3058,1943,6214,
16366,-2910,20780,5555,280,3401,
15824,214,19270,8841,1288,-2122,
16184,-5574,8990,9406,1921,-6706,
10874,-2978,-1608,8000,1388,-7326,
4236,-1916,-10384,2321,-1433,-7332,
-3996,224,-5648,-1669,-3975,-6182,
-9940,-5662,3520,-4576,-5230,-4707,
-10218,-10160,18520,-6104,-4658,-1956,
-9972,-14832,28372,-5611,-2907,1422,
-6222,-9064,23920,-4382,-2439,4588,
2266,-7408,26196,-1364,-3886,5710,
8894,-6404,21632,-2538,-1083,6441,
8252,-3818,21948,417,-740,3856,
8062,-1694,21756,285,1264,2912,

308,-3714,15764,72,-166,-178,
108,-2928,14174,95,-232,-79,
-310,-1510,12030,1116,-1277,-330,
-8056,-3476,17194,479,-1988,-644,
-2316,-15266,32767,444,-503,4717,
11222,-1070,32767,3627,2553,4616,
15470,758,23194,6863,2556,1803,
16218,1626,16376,6887,3605,-1620,
14138,946,3136,5831,1166,-4449,
11348,-1634,3756,4488,576,-6422,
1622,-6628,-5128,2333,-633,-5817,
-7928,-3900,-6904,-1143,-4119,-4526,
-15508,-9094,4890,-3715,-6748,-3150,
-13904,-9452,21594,-6027,-6421,1275,
-10580,-6210,32767,-5058,-2937,3112,
-800,-7776,28848,-2867,-2129,5011,
5110,-1748,24444,-1275,-632,5414,
7590,-1936,24834,516,-693,3599,
8204,-1464,21716,1267,1189,2728,
7030,692,16148,1255,1678,1185,

154,-2816,16890,-397,-175,-289,
566,-1752,15532,-513,56,-209,
-1310,-4014,13672,-1376,-59,618,
-10816,-792,14096,-1499,100,485,
-11692,-17372,32426,-1486,-3724,5218,
5574,-7644,32767,2556,-740,6053,
13240,-2446,20184,5405,-2049,4180,
17438,4880,24742,5705,610,-678,
15360,-7940,8670,6731,2506,-5507,
15170,-3394,12026,8668,726,-7032,
8214,-8508,-2890,6071,964,-7451,
-380,-2846,-5410,1184,-1755,-5953,
-8892,-3400,-2424,-2139,-3038,-4167,
-15560,-5782,2684,-4866,-5002,-2502,
-16888,-11622,18606,-6827,-6102,726,
-11630,-890,32767,-6855,-3512,3524,
-5474,-5718,27442,-2870,-2639,5075,
4422,-6144,24510,-1617,-1142,6526,
11324,-2288,27026,-540,-446,4409,
11436,-2112,18420,530,626,2630,

1038,-2116,17414,-119,182,-572,
1300,-2400,17246,-72,141,-572,
2116,468,14134,520,164,-1607,
-564,-1294,10840,230,-1252,-1611,
-11204,-3016,7392,-975,-1901,-1465,
-17716,-20384,24470,-2336,-5861,4328,
7364,-17686,32767,1068,-443,8654,
24506,-6384,32767,4842,1643,5812,
23152,-1344,19888,7668,1284,-454,
19954,-3822,11978,6684,3228,-4658,
13168,-7858,162,6724,138,-5979,
7120,-5434,-2300,4198,-135,-6767,
-1662,-2684,-5992,1507,-1523,-6358,
-11258,-4564,920,426,-4047,-4490,
-17748,-8400,2828,-4603,-6855,-2655,
-13120,-10644,25372,-6775,-5379,3065,
-2836,-5128,32654,-6223,-2721,5858,
6736,-3254,26708,-3779,416,6545,
7240,-1064,23322,-576,-1696,4233,
10932,-1488,25670,126,1607,3153,

7240,-1064,23322,-576,-1696,4233,
10932,-1488,25670,126,1607,3153,
-5410,-4728,11428,-376,-490,-294,
-6820,-5168,11068,-876,-1873,773,
-9248,-7344,22610,-856,-2771,2317,
3786,-16368,32767,-30,-1659,5622,
14096,-8490,32767,2766,779,4428,
16284,-7290,24236,5535,1983,2272,
15728,-3624,14512,7437,2301,-1366,
14428,-4450,6202,7011,2477,-3822,
11726,-420,2286,6773,1502,-5664,
4666,-4102,-7926,4380,576,-7829,
-7112,-3264,-11364,1171,-3138,-7652,
-17238,-10110,-2306,-3046,-6835,-5449,
-18958,-13796,13252,-7614,-6898,-1569,
-10066,-12884,32210,-6883,-4991,3267,
1292,-7592,27442,-4495,-3673,5408,
7684,-8918,25352,-1255,-3311,5304,
10646,-2224,27870,-283,-655,3372,
8332,-5484,18000,1291,87,2531,

1082,-3542,16122,24,-1,-431,
978,-2962,16460,-40,-15,-390,
-640,-3056,14464,-182,-178,-412,
-5424,-5652,8508,-115,-1241,-252,
-9198,-9408,14452,-351,-2869,725,
-3038,-15576,30630,-1824,-993,4903,
10800,-10902,32767,-670,-1081,6421,
17868,-9586,32767,3114,1677,4493,
17094,-3720,18926,8151,786,-11,
15836,-5508,11288,7409,2672,-3266,
13450,-1170,4826,7277,2052,-6062,
6958,-7306,-6736,6407,996,-6901,
-320,-6758,-3906,3504,-2505,-5676,
-10766,-6108,-1170,-1839,-3452,-3808,
-19874,-7620,8522,-4735,-3762,-966,
-20838,-7698,26490,-6329,-3254,1862,
-11854,-4368,29922,-5163,-1270,3373,
-2136,-4016,24790,-3467,-1304,4302,
5652,-414,22630,-1121,-1273,4954,
7148,-202,24730,84,-613,2266,

-630,-1210,16132,176,74,-99,
-984,-1164,14620,182,-101,53,
-1350,764,11824,636,-569,-63,
-8420,166,9554,1291,-2243,-542,
-11942,-15546,32767,-819,-2868,5220,
6592,-4666,32767,1987,316,7384,
18280,3134,25822,5658,1729,4107,
16590,6970,20342,6554,1489,-687,
16386,134,7418,6502,479,-3329,
14690,-286,8098,5826,-20,-6153,
7972,-9544,-126,3732,-1832,-6993,
-144,-5512,-2364,629,-2866,-5777,
-9326,-6046,-840,-1567,-4927,-3663,
-16818,-6598,10208,-3846,-6069,-1185,
-14714,-4410,25616,-5432,-3921,1991,
-10550,3766,24102,-4488,-660,3693,
-336,4384,27558,-3395,934,4852,
5656,2316,17022,-2663,360,4250,
7678,2454,25252,-894,96,2695,
6338,-76,23492,-591,1138,1909,

978,-606,16568,-10,44,-436,
-342,-974,15104,-2,-39,-696,
-3386,-1720,13850,-77,-71,-438,
-10456,-4030,11194,-479,-885,261,
-12998,-10578,26534,-1011,-1651,3657,
5116,-1858,32767,-214,-451,6601,
15100,518,31372,3596,788,3916,
17420,3136,22200,6182,-1534,135,
18130,2488,12312,6326,450,-3756,
17034,370,6670,4539,-264,-6181,
10698,-7752,348,3991,-81,-7279,
676,-9564,-5166,1604,-2662,-6725,
-9374,-5084,-2506,-1708,-3704,-5070,
-18920,-11446,7928,-4341,-5283,-2855,
-16562,-7550,26294,-5211,-2716,1786,
-7716,-4348,29390,-6005,-115,4842,
-5534,-3572,25886,-3553,562,4664,
4362,1514,28870,-2748,-753,5739,
7430,-2282,23826,-3,-957,3804,
7184,770,22760,104,881,2126,

-730,-2704,14592,-319,-571,-455,
-1566,-2830,13522,-373,-1952,-181,
-3618,-4214,16192,-450,-719,400,
-8296,-4490,24352,-1115,-662,1690,
-694,-11622,32767,522,-1651,4625,
11622,-5012,32767,2817,-61,4141,
15742,-2456,25566,6468,171,662,
16998,-4510,19010,7079,3957,-2042,
16134,-3768,3084,8579,2651,-4867,
8518,-8368,-6836,7703,249,-6385,
1910,-4938,-3638,4101,-3356,-6969,
-8076,-3714,-4932,-761,-4246,-6152,
-18032,-10458,1958,-4303,-6754,-3620,
-17516,-9626,19714,-7068,-5807,743,
-6028,-7754,32698,-5756,-3821,4131,
-54,-1864,32767,-4022,-640,6302,
4338,-4142,15584,-1926,-179,5463,
7788,-1000,30784,-106,178,4194,
5960,-2570,17478,705,788,2187,
4656,-2320,16794,586,469,1338,

-442,-2036,15540,99,-105,-536,
-1162,-1536,13906,24,-611,-695,
-2920,-2760,12016,-61,-1854,-843,
-11020,-5048,26412,-754,-1384,1525,
-4984,-11058,32767,180,-761,5660,
10530,-3032,32767,3291,499,5486,
14644,480,25466,6368,844,1248,
17700,-1608,15530,6830,3215,-3365,
17312,-6036,7640,8583,2301,-5633,
10022,-7904,-4326,7357,90,-7265,
-340,-6096,-7544,2424,-3045,-6395,
-10128,-8000,-4994,-1342,-6082,-5369,
-16252,-8174,12252,-5217,-6864,-1925,
-14924,-8944,22480,-6558,-5007,1622,
-9490,-4368,27316,-4998,-3208,4123,
958,-1468,31014,-4079,-855,6072,
6074,-3178,24186,-1127,454,5329,
10716,3474,28206,521,-144,3702,
5876,-1702,19038,1874,1054,1879,
3758,-1510,17314,347,508,627,

-554,-1984,15934,-40,31,-266,
-1058,-1660,13930,-380,-225,-95,
-1098,-1636,12570,-592,-881,18,
-8224,-64,17588,-1036,-1185,288,
-8866,-18066,32767,-496,-2377,4732,
6894,-8424,30476,3717,222,6624,
15564,-1042,24596,5787,-446,4009,
17272,1854,25698,6174,2624,-1560,
18012,-5254,6532,7659,1976,-5374,
14004,-5604,2230,8455,736,-7076,
2944,-7570,-7936,4136,-1062,-6801,
-6344,-2084,-6692,-416,-3721,-6549,
-16710,-9032,-224,-3030,-5384,-4159,
-18842,-7828,13398,-5996,-5567,-1252,
-14334,-7102,25822,-6151,-3366,2963,
-5566,-2716,32767,-5422,-2516,5299,
2856,3352,32706,-2961,-458,5153,
4902,2378,29048,-2039,-72,4129,
10278,-9722,20632,673,-1319,3363,
6700,-522,16976,725,641,735,

-836,-2330,15256,-17,-225,-594,
-2264,-2482,14936,-3,-215,-445,
-5474,-3400,13262,-836,-1140,258,
-9302,-5136,20732,-1539,-2551,1991,
3672,-14230,32767,374,-1915,5218,
11940,-6118,32556,4954,884,4259,
14454,-3852,21254,7702,842,1185,
15936,-2004,11674,7058,3263,-1940,
13466,-1380,1540,6198,1122,-4847,
9028,-2516,-4506,4920,-810,-6649,
1128,-2282,-7884,1848,-2410,-7018,
-8900,-2866,-6478,-1998,-5204,-6495,
-15218,-12196,9038,-4966,-7805,-2812,
-12362,-11362,25384,-6146,-5807,826,
-6246,-6926,30756,-5704,-2511,4167,
1782,-4078,18824,-3811,-1562,4659,
9600,-1984,29108,-1734,-800,5082,
9672,-1762,21900,91,827,2978,
7606,-3440,14904,916,848,1962,
6090,-3008,15424,678,755,735,

-844,-3694,14136,96,-212,-585,
-3114,-3878,11954,-238,-490,-76,
-4994,-4192,12756,-725,-1081,1468,
-3990,-11756,24708,-1159,-2381,4461,
3914,-11504,32767,-1174,-1033,5997,
9510,-10924,32767,4101,-160,3741,
12092,-6868,22430,7154,2120,1359,
13084,-3514,12440,7743,2400,-1035,
12060,-5858,9474,7357,2925,-4814,
8592,-6264,-206,6766,884,-5488,
3268,-22,-1718,3587,1150,-4944,
-5344,2792,-9578,647,-1412,-6471,
-14742,-2130,-7004,-1509,-5658,-6219,
-17334,-9338,9382,-4208,-8494,-3384,
-13180,-9532,27870,-5160,-5150,1606,
-6584,-7586,32162,-4547,-1181,6264,
2488,-6668,26338,-4459,-1059,6498,
5184,-2780,23986,-1401,-1318,3491,
8416,-8690,21502,121,121,2563,
6122,-2812,20254,878,593,1389,

-1040,-4052,14272,-306,-448,-193,
-1380,-3670,14004,-592,-608,192,
-2710,-4412,14912,-733,-872,572,
-6942,-7050,23934,-1601,-33,1530,
-7524,-20846,32767,-4314,1973,5398,
2674,-12732,29262,2088,-231,4839,
9592,-7444,22714,8137,-2231,2763,
12422,-2452,15128,8658,-98,-633,
15400,-916,8556,7392,1374,-3874,
10168,-4476,-5370,7109,91,-5050,
4338,172,-3474,4364,-3210,-6289,
-3506,-1440,-1690,-220,-3653,-6848,
-11700,-4550,2990,-2732,-3856,-5727,
-15010,-8822,13498,-4978,-4829,-2292,
-12946,-7650,23228,-6337,-3427,290,
-6014,-6388,27210,-5668,-1833,3539,
-850,-6660,27398,-2246,-2468,4083,
3178,-5868,24212,-1781,-1320,4088,
7168,-2746,23268,-465,-200,3735,
4874,-1730,14424,373,-310,1977,

-1578,-5222,15622,-433,-352,-335,
-2360,-5864,13394,-80,-1,242,
-4118,-6354,14592,-2143,-48,1321,
-5780,-13528,25128,-2294,-2766,3684,
1532,-12924,32767,345,-1613,6133,
10218,-9562,20054,4029,-1379,4659,
14946,-678,23620,5696,77,1002,
17838,-5684,16234,6670,2561,-3424,
17526,-7244,12150,7941,3989,-5170,
13052,-7762,1082,7805,2729,-6796,
5412,-4078,-2516,4612,210,-6935,
-7484,-3390,-10236,1103,-2341,-7614,
-17746,-11918,-1388,-3042,-6744,-5052,
-18886,-15826,17774,-5263,-6623,-89,
-10424,-9476,27972,-6881,-4173,4195,
-2986,-5720,27048,-4631,-2000,5459,
6306,-6504,20954,-2828,-2978,6590,
7104,-112,26104,-1600,-2488,3508,
9748,-5334,21860,103,-449,2219,
6584,-3464,18656,877,505,469,

1232,-4216,14428,286,197,-820,
-114,-4662,14444,18,-141,-718,
-1976,-5332,13316,-298,-415,-260,
-5762,-9688,16094,-1444,-698,941,
-13208,-13358,23180,-353,-320,3313,
1520,-16354,26582,-1676,-2130,7563,
11628,-5452,28340,3574,-2895,5110,
16588,-2554,26864,6453,-2179,1061,
18596,-2504,19508,7210,2095,-2798,
18166,-2686,4234,7253,3048,-5512,
15164,-1810,2034,4907,4036,-7400,
5472,-6456,-7128,4824,788,-8559,
-6746,-7150,-3722,1923,-3016,-7928,
-15290,-14406,1470,-1055,-5137,-4411,
-18654,-12108,11346,-2640,-5446,246,
-12142,-1926,25006,-5500,-2893,3394,
-3962,-3576,29670,-5813,-1423,5135,
1272,-344,27048,-3133,-1620,4450,
6942,-2988,23216,-1251,-2586,4055,
6786,-2128,20786,-65,-29,2483,

2006,-2644,16416,-45,-121,-364,
1504,-2298,15352,126,-134,-643,
-4742,-4340,12298,375,-355,-666,
-12662,-9700,14376,19,-1514,1491,
-1166,-14668,32767,-1542,-2169,7840,
13502,-2428,32767,3857,-1760,6059,
16528,16,24486,6305,552,2275,
17608,-992,14398,5702,3160,-1718,
16538,-7018,8280,5399,2813,-4353,
12784,-8022,10476,5891,1990,-5618,
5898,-3176,-3650,4804,102,-6744,
-3372,-1074,-6434,2069,-2569,-7063,
-11586,-5754,-3544,-1692,-4898,-5708,
-16238,-9824,9870,-4698,-3936,-3309,
-16234,-12070,22452,-5912,-3461,285,
-9190,-5988,32686,-4857,-2171,3355,
-1634,-2694,32767,-2406,-3599,4637,
2830,-1740,25248,-1239,-442,4491,
5562,266,20010,-773,-1617,3456,
7818,-106,22218,468,-503,1988,

1292,-2426,16646,-22,41,-513,
782,-3042,16386,-30,80,-545,
-2802,-2594,12342,320,-376,-727,
-6796,-5910,9868,-369,-1437,453,
-9952,-9272,24144,-479,-2735,2705,
3810,-10500,32767,-269,-327,6590,
14380,-4044,32767,4788,51,4499,
15116,-1550,18944,8759,330,884,
15754,-208,12732,8222,999,-1345,
16672,570,8184,4633,1691,-4634,
11460,-3760,-2256,3740,-962,-6846,
5438,-4466,686,1467,-823,-6908,
-4814,-3894,-1414,-701,-1932,-6754,
-15136,-8906,5490,-652,-3874,-4110,
-18382,-7370,12182,-3737,-4373,-1153,
-13784,-2228,18478,-6025,-2599,2210,
-8130,-2840,18100,-5804,-2898,3964,
-1796,-1496,24690,-4195,-2599,4824,
4686,-3044,27138,-2349,-1982,4773,
7294,-860,24826,-91,29,3735,

-1796,-1496,24690,-4195,-2599,4824,
4686,-3044,27138,-2349,-1982,4773,
7294,-860,24826,-91,29,3735,
4654,-10396,10864,1010,-88,-95,
2882,810,17636,-438,514,-165,
880,-3580,15808,-380,-376,-452,
114,-3372,17858,-171,-166,-343,
188,-3510,18114,95,111,-258,
650,-3976,16678,32,140,-18,
1270,-2736,16278,-83,35,-187,
1390,-2918,16426,89,-49,-395,
1554,-2248,16386,-177,43,-951,
1332,-2844,15832,-141,-96,-1169,
-1762,-2986,13184,-252,-309,-811,
-10492,-4000,9328,-431,-1524,-104,
-6852,-17300,32678,-1416,-2930,4336,
6866,-11244,32767,1327,-1221,6311,
14380,-4670,28972,5124,-382,4010,
16180,-6238,22838,8677,1575,186,
19300,-3264,11716,8391,4267,-2869,

14380,-4670,28972,5124,-382,4010,
16180,-6238,22838,8677,1575,186,
19300,-3264,11716,8391,4267,-2869,
-3048,-352,-4020,926,-3010,-7471,
-10620,-5882,-978,-1473,-6151,-6650,
-16186,-12922,9428,-3643,-7916,-3104,
-12386,-10840,31108,-5623,-7056,1052,
-8688,-10150,27926,-4653,-2664,4648,
130,-5098,30308,-3338,-1669,6348,
8466,-2314,17566,-2203,-1536,6601,
10314,-2648,18274,131,-939,4640,
10174,-2,19380,-60,365,2930,
7894,-2398,17332,579,376,1526,
1958,-1290,11450,990,504,-9,
3576,-1292,19732,-768,346,498,
1080,-3324,16306,40,-97,-457,
584,-3510,16984,-252,46,-431,
612,-4012,16484,174,259,-217,
1008,-3102,16038,-24,182,-147,
1272,-3024,16016,72,-16,-311,

832,-3304,15840,-84,104,-263,
1020,-2848,16280,-40,-108,-242,
1168,-2118,15198,-358,-177,-292,
204,-520,10334,-742,-1098,-1198,
-8544,-5118,11184,-805,-2530,-854,
-7096,-27926,32767,-567,-3536,4422,
10844,-13902,32767,1659,-314,8422,
19152,-4952,23806,5523,-178,5517,
17854,-2096,20228,8129,55,309,
19522,-1874,8016,7315,2441,-3490,
17392,-2646,-460,6365,1991,-6861,
8160,-4264,-9212,4403,-715,-7590,
-1486,-2302,-5198,1054,-3441,-7387,
-10190,-7134,-1334,-1249,-6014,-6042,
-13804,-12186,14522,-4330,-7741,-1682,
-10208,-8102,31274,-5881,-4342,1984,
-4242,-5940,28244,-5302,-1037,4681,
2972,-4768,23892,-3399,-797,6032,
7644,-2150,24180,-2078,-680,4870,
10570,-2104,19366,-584,-181,3735,

2728,-3598,16344,-220,28,-192,
1726,-3414,13918,-473,-68,-403,
-2382,-2976,11976,-797,-204,-422,
-13360,-11108,15942,-1039,-2749,947,
-716,-16164,32767,-194,-2661,6471,
11204,-7200,32444,3568,-1254,6158,
16942,-4274,25590,5007,-937,3115,
18632,-3332,22032,6560,2227,-987,
17994,-6490,10262,7447,2946,-4456,
16362,-7306,3566,6582,3414,-6858,
6054,-7184,-8222,4225,2066,-6383,
-2092,1286,-8038,1550,-1979,-6092,
-8608,258,-6596,-472,-5683,-5867,
-11948,-9706,1722,-2644,-9155,-3759,
-9750,-12338,26130,-3707,-8497,2133,
-1114,-6706,32767,-4823,-720,5550,
4278,2580,29820,-3354,2256,6059,
7694,-1824,27568,-584,631,5070,
8896,-624,18252,575,477,3145,
8734,786,19034,321,763,1839,

1792,-1498,16482,-105,-16,-252,
1614,-1148,15366,-226,-76,-499,
-662,-1578,13360,-544,-347,-677,
-6436,-4062,13996,-866,-1097,-147,
-9098,-13244,28194,-1036,-2061,3056,
4596,-8590,32767,1002,-768,6786,
12312,-4360,25986,5514,-358,4632,
14326,968,18436,6783,-1148,1029,
16068,3746,13362,4190,1412,-2429,
16432,1244,6736,5163,1500,-5950,
11352,-5964,1512,5654,1430,-6827,
2884,-4616,-4330,3194,-1328,-6347,
-5240,-290,-1974,60,-2721,-5566,
-13276,-4836,-1080,-2058,-5109,-3507,
-14580,-5998,15042,-3597,-5044,-429,
-11220,-3574,26888,-5202,-2680,3238,
-4874,998,25874,-5244,-485,3992,
1874,-706,25634,-3908,-532,4644,
6894,2308,21638,-2485,-473,4044,
10140,-1114,23372,-1097,-1753,3226,

1134,-3014,14056,-644,-342,-365,
-682,-3132,14244,-1154,-723,-260,
-4050,-3886,14812,-1400,-1078,-873,
-8660,-14266,25544,-817,-1782,1525,
4254,-17418,32767,1676,-26,6735,
13122,-8946,24892,3386,-518,6146,
16354,-2438,22682,6415,-1139,1844,
16046,-4128,17432,7840,973,-1574,
15900,-188,2436,5841,1456,-4838,
11974,-2148,-594,3148,1895,-5427,
4858,-2006,-3330,3359,-875,-6308,
-1772,-1142,-1042,1274,-2600,-5624,
-7666,-2046,1088,-1101,-4291,-4727,
-10594,-4700,12674,-3660,-4833,-1893,
-9416,-5480,24144,-3781,-3359,666,
-5882,626,24680,-4648,-561,2645,
-2290,322,24748,-3977,-32,3227,
1304,-2360,24434,-2841,-64,3584,
4476,-494,24066,-1498,-173,2976,
7108,-4294,21230,-251,-97,2617,

1104,-3114,15474,-117,-228,-334,
714,-3054,13726,-251,-746,-336,
-1400,-3596,14128,-621,-1204,-15,
-9356,-6800,25256,-1121,-1505,1744,
-104,-12224,32767,1060,-1511,6062,
8392,-6652,25406,3182,-84,6399,
14346,560,20086,3285,-775,3721,
16528,1246,17910,5107,-145,-1139,
18396,-4554,16746,6743,620,-4525,
15456,-6232,5908,5556,1682,-6311,
8312,-6388,500,4293,343,-6739,
1880,-1616,-1426,1223,-550,-6807,
-6056,-2218,466,-534,-2637,-6104,
-12160,290,7878,-2236,-1851,-5149,
-18004,-11360,13270,-4398,-3829,-2181,
-14386,-7830,25306,-4992,-1850,1057,
-8188,-2634,23910,-4322,-1085,3740,
-2860,-2272,23228,-1660,-2704,4256,
3670,-1420,25604,-1934,-1084,4336,
7336,-152,23398,-276,-1753,3151,

1336,-2086,16348,289,20,-278,
776,-1758,15928,586,-204,-261,
-1242,-702,15720,928,89,-362,
-11054,-2708,15822,736,-55,327,
-7622,-10360,32767,-284,366,5172,
6854,-2244,32767,3149,2320,5822,
12492,3652,26894,4964,2891,3798,
12948,806,19346,6686,3935,-178,
13008,634,12324,7884,2699,-2650,
9640,-4850,7306,8227,-98,-3438,
5230,-1198,3430,5384,-1518,-4599,
-1668,-2158,-6344,1611,-3754,-4236,
-7856,568,-3118,-279,-6709,-2729,
-14276,-4682,4018,-3503,-7455,-1307,
-14132,-3266,20826,-4896,-4606,1028,
-9860,5954,25310,-5441,-1131,2052,
-5498,5522,23376,-4625,472,2863,
-4576,1358,28912,-3500,709,2841,
504,5882,23060,-2403,543,2541,
2372,-308,21586,-1352,-463,2819,

-554,-434,16462,11,220,-316,
-770,-776,15260,-153,-111,-321,
-2144,-1052,14096,-385,-407,-42,
-6820,722,12090,-606,-1771,39,
-8502,-6730,26078,-647,-2338,2131,
96,-5626,32767,-185,-635,4854,
9436,-3128,32767,3695,1695,4364,
12568,-2142,20822,6136,969,1964,
14754,-74,15236,5630,907,-742,
13770,-902,9276,6214,1272,-3502,
9924,-1970,774,4541,718,-4542,
3708,-1728,-2220,2682,-931,-5145,
-2852,1322,-1768,1026,-3273,-5226,
-9280,-782,2848,-1402,-3719,-4659,
-17506,-4902,2176,-4864,-4567,-3576,
-14438,-8524,16796,-4333,-4544,81,
-6272,-4090,23124,-5023,-2019,2955,
-1748,3334,30528,-3895,548,3555,
70,-1246,26430,-2575,-425,3751,
3124,218,23514,-713,429,3068,

-524,-1056,15174,345,-451,-229,
-1084,-420,13714,1112,-1565,-423,
-4292,-2176,17460,332,-888,280,
-12746,-5406,24500,-1279,76,2001,
-2424,-7644,32767,-562,508,6800,
8644,-612,28066,3031,555,6254,
12510,2370,24612,5882,-1719,3368,
13696,2072,18928,6468,143,-615,
15868,4322,11910,5195,762,-3789,
12492,30,4668,2818,2202,-5313,
6506,-4126,-1954,3734,-557,-6223,
-596,-1224,202,2020,-2450,-5704,
-6576,-702,2136,-487,-3232,-5263,
-11324,-1990,7460,-1743,-4560,-3309,
-11388,-3738,9990,-2951,-4754,-1458,
-9838,1716,23554,-3982,-1471,163,
-9688,-1620,22632,-3368,-1209,2095,
-6208,870,22858,-2051,-33,2544,
-832,2356,23332,-2661,170,3905,
2706,1268,18402,-1670,111,3469,

-166,-684,16052,-185,-75,82,
176,-454,16028,131,-49,-71,
-766,-162,14942,385,-222,7,
-6022,2244,12938,1458,-594,-264,
-11524,-10428,27740,914,-1675,3090,
1232,-146,32638,679,245,6099,
9800,3250,29764,2543,1752,5304,
12176,4990,21438,3519,1170,2322,
12106,3090,16784,5309,1308,-368,
13456,5870,11864,5252,184,-3035,
12736,2828,9022,5194,-72,-5187,
8416,38,1958,4053,-1265,-6347,
2236,-5372,360,2238,-2835,-6229,
-5322,-1976,1022,404,-4479,-4731,
-12000,-7908,3452,-838,-5830,-2873,
-12082,-2804,17406,-3197,-5170,477,
-9594,2368,23360,-4420,-1887,1883,
-7352,3112,23508,-5242,307,2824,
-5528,3130,25378,-3701,290,3391,
140,1650,24482,-2577,676,4226,

-160,326,16364,-123,-192,-281,
-306,220,16558,-175,21,-287,
-1828,-788,15122,-604,-242,-88,
-7178,-1794,13582,-1001,-984,226,
-8544,-6522,27766,-2232,-3067,3018,
-688,-5244,32184,-612,-142,4629,
4822,-3292,26998,1812,-643,5357,
11488,482,26882,4532,-389,3351,
13978,-324,21244,6764,340,222,
15832,1384,14014,6396,1717,-3005,
12862,-1166,4222,4463,2035,-5201,
6242,-3408,-118,2987,106,-5075,
824,-562,1186,1383,-1158,-5187,
-4194,1354,2120,692,-2517,-5148,
-9418,1156,4110,-689,-3594,-4776,
-12830,-3632,8812,-1568,-4389,-2884,
-12562,-1790,18464,-3826,-3618,-875,
-8658,132,24636,-5604,-1038,1468,
-7832,-3102,23752,-3093,-609,1929,
-4110,-1834,20886,-3521,-394,3777,

-8658,132,24636,-5604,-1038,1468,
-7832,-3102,23752,-3093,-609,1929,
-4110,-1834,20886,-3521,-394,3777,
6198,2468,20998,-15,29,1732,
6620,1334,22194,-314,-694,1192,
2970,-1938,15814,724,352,-334,
920,-468,15746,-359,123,-414,
254,-1650,17308,217,-220,-684,
-766,-1450,16948,-22,87,-477,
-694,-1522,15876,223,-132,-558,
-378,-2090,16852,21,-32,-206,
-472,-1572,15636,-60,-54,-175,
-1144,-1716,14814,-249,-242,32,
-3580,-1258,14368,-621,-98,297,
-9064,-6252,18102,-1288,-1074,1677,
-7260,-11542,32767,169,-1113,5002,
4982,-4572,29996,2468,-983,6028,
11990,340,25170,4444,-713,3846,
14866,426,23296,5732,381,293,
15092,-706,14744,6018,2564,-2925,

11990,340,25170,4444,-713,3846,
14866,426,23296,5732,381,293,
15092,-706,14744,6018,2564,-2925,
-2584,-848,-1936,1556,-2901,-6152,
-9258,-1306,566,72,-4447,-5441,
-13776,-8344,8358,-2840,-4812,-2832,
-15880,-5286,15426,-5092,-3033,-347,
-13498,-2202,20314,-5291,-1574,1642,
-7234,-3782,25982,-3598,-1992,3424,
-1318,1004,20300,-2518,-1315,3980,
4958,-2328,24428,-2241,-2463,4235,
6934,-128,23744,32,-657,2641,
6358,-1612,19242,292,-525,1809,
4604,1044,17628,875,638,194,
4798,-1162,20736,-678,-251,662,
1446,-2080,14978,223,234,-575,
648,-1414,16704,-194,106,-464,
394,-2006,16840,-38,125,-484,
-24,-2860,16934,-76,217,-212,
-66,-2070,16094,14,94,-254,

286,-1902,16054,-105,-2,-47,
-474,-2302,14380,-297,-318,-26,
-3390,-3030,15290,-205,-1181,324,
-8004,-3996,21508,-606,-1545,1607,
-2550,-11670,32767,227,-1863,5511,
5584,-7864,29592,2447,-615,6346,
11392,-1912,26192,4694,-639,3847,
14070,-3120,21340,7578,1411,74,
18728,204,10646,7235,3460,-3481,
14464,-4282,2180,6214,2357,-4712,
6474,-1322,-6538,3960,-37,-5387,
74,1364,-2878,868,-4058,-6162,
-6060,-832,906,-786,-5422,-5957,
-12812,-6698,8472,-2885,-6153,-3682,
-12740,-6702,23334,-5634,-4572,-714,
-9178,-5470,25506,-5255,-1882,2120,
-4104,-430,26688,-4500,-1164,3264,
2356,-3226,26546,-3141,-866,3872,
3522,-3188,22372,-770,-287,3001,
6756,-1324,21710,-376,-45,2732,

324,-3044,15232,-56,-134,-305,
-1104,-3554,14246,-272,-576,-70,
-3116,-5736,15048,-578,-982,513,
-7180,-9624,23508,-1082,-1092,2623,
-2630,-11258,29206,594,-532,5557,
5182,-5206,28652,2776,-1547,6084,
12626,-1392,24470,5228,-1675,3600,
15120,-366,23198,7801,235,-238,
16494,1212,11318,7860,2104,-3887,
14592,-2098,3186,6563,515,-5861,
8800,-2202,-1620,3762,-698,-7098,
900,-3218,-418,1298,-2869,-6251,
-4682,-2610,2766,-1264,-3592,-5186,
-12792,-2478,13280,-2721,-2409,-2836,
-12040,-716,11844,-4737,-2611,-1391,
-12456,-1126,18158,-4699,-2278,153,
-10406,-1364,20962,-5135,-2239,1611,
-5674,-3276,22678,-4050,-2300,3431,
-68,-2522,24084,-2428,-1815,4654,
5852,-1586,19866,-1585,-1487,4262,

912,-2020,16404,230,326,-431,
118,-704,16410,555,596,-581,
-2418,-14,15678,474,697,-832,
-10176,-4492,18694,585,296,72,
-8538,-10812,31438,-580,121,4691,
3606,-1778,32012,1996,44,5786,
11654,426,26776,3409,534,4166,
14898,-198,17458,5332,626,1119,
15632,3024,15756,5435,982,-1900,
11542,96,5182,6390,438,-4967,
7056,-1836,1700,5456,-337,-6770,
-56,-3718,-2140,3332,-2328,-6590,
-9186,-2972,-1798,558,-3984,-5715,
-13550,-5894,4970,-3054,-5169,-3061,
-14906,-5588,11304,-4482,-4995,5,
-10534,-692,25616,-5712,-4088,2279,
-7156,-2042,27880,-4485,-1369,3530,
-1538,206,28415,-2909,98,4587,
3252,1910,23392,-1555,1034,4395,
6934,1952,24500,-48,-601,3388,

-466,-504,16990,91,149,-401,
-864,-104,15080,-81,-50,-421,
-3426,-604,14026,-819,-329,-504,
-10336,-4014,13586,-2321,-2809,245,
-9466,-14824,32767,-1444,-1774,3820,
4704,-8610,32072,1050,143,7112,
12260,-2898,26582,4187,-886,5324,
14182,-98,20912,6537,-971,1422,
15624,446,15582,6858,1518,-1991,
15228,-1740,8034,6635,2999,-5533,
8560,-4158,-1690,4443,2294,-5295,
2634,1654,-4296,3544,-1021,-6108,
-4286,1400,-3544,876,-4259,-6286,
-10904,-1692,2520,-985,-5879,-5196,
-14340,-9190,12798,-3803,-5880,-1987,
-13220,-7398,25480,-5702,-3220,1011,
-10664,-6776,28158,-4822,-1705,3384,
-4066,-1948,29128,-3691,-944,4558,
4096,-3352,24502,-2484,-398,5449,
5344,-982,22302,-970,-260,3677,

-688,-2226,16906,-129,-163,-255,
-450,-2168,16142,24,19,-198,
-2152,-2248,14784,-30,-195,-209,
-4752,-786,10470,-209,-1266,77,
-8944,-6204,21572,-129,-2962,1628,
1490,-9582,32220,-525,-2437,4816,
9802,-8830,32767,805,-538,5584,
12444,-5382,23928,4666,394,2690,
14944,-3790,18448,5851,1857,-54,
15922,-1710,10250,6048,3587,-3157,
13444,-1540,296,6700,3544,-5810,
5992,-2356,-4192,6518,62,-6903,
-1270,-1320,-1062,4103,-2745,-6745,
-7618,-7042,-462,1742,-4971,-5609,
-13928,-1492,7696,-916,-5617,-3356,
-15926,-4412,12414,-3304,-6054,-487,
-12216,-3750,25816,-5623,-3724,2715,
-1902,-3628,32767,-5539,-1877,5716,
2436,-1814,27782,-2981,-190,5307,
6066,1710,25120,-1910,-221,4561,

872,-1476,16498,-97,41,-236,
-1050,-1750,14790,-46,-108,-104,
-4716,-2924,13738,88,-964,273,
-3824,-6620,27034,-1036,-2214,2847,
2048,-8374,32767,-462,-593,4926,
7960,-6116,28368,1350,111,5009,
12492,-1258,24746,4124,205,2024,
15430,-3000,18024,6794,853,-1159,
16710,-910,10212,7662,2903,-4376,
13062,-3166,-3776,7113,1520,-6168,
5462,-3014,-6582,5074,-2081,-7489,
-3214,-2696,-3120,830,-3906,-7066,
-11736,-7104,1798,-2319,-5121,-5102,
-15714,-11350,12592,-4716,-5334,-2142,
-14138,-8000,28424,-5775,-4224,1740,
-7184,-4006,29118,-4488,-1807,4296,
1582,-2612,31464,-2904,-1104,5881,
8744,-2100,25270,-1332,110,6029,
12014,5796,23210,-783,1135,3454,
8210,634,18824,922,337,864,

558,-1826,15408,-265,-87,-210,
762,-2460,16132,-349,-328,-211,
-250,-1568,14720,-169,-246,-432,
-5348,-2096,10184,707,-1650,-663,
-9916,-9046,17544,-495,-3120,2467,
390,-6054,32767,-724,-813,5627,
9716,-3936,32767,2478,1675,5282,
13036,-1520,20406,3009,1059,3521,
16988,126,21264,4548,900,-403,
19616,50,14746,6078,421,-4220,
17180,-1036,9866,5902,571,-7436,
8944,-9026,-154,5423,-694,-8489,
-1720,-9000,-3248,2505,-2932,-7575,
-12096,-10256,-1578,-1247,-6044,-5149,
-18282,-14106,13118,-4287,-6219,-1415,
-14758,-9450,27036,-5444,-3461,3233,
-3146,-4366,32520,-5163,-1512,6487,
4648,-4468,30034,-2542,-731,6515,
10604,2980,26620,-1297,503,5288,
12150,804,15344,189,651,3539,

180,-1562,16456,-67,-68,-202,
-644,-1706,14512,-168,-237,-213,
-3258,-1482,12408,-737,-995,42,
-18092,-12124,18330,-1706,-4872,1886,
11154,-12846,32767,1850,-1226,8366,
31512,4702,31292,7321,2301,2713,
30480,-440,11634,9917,2489,-3014,
25668,-6178,-878,8215,2568,-7850,
11260,-15372,-13778,4209,-553,-8709,
-10728,-17888,-25886,37,-5125,-7660,
-28610,-30982,5956,-7483,-10918,-2247,
-15880,-15160,32767,-8270,-3838,5473,
4196,-1338,32767,-4912,226,7259,
13442,-90,27324,-928,107,5489,
14354,2096,24050,485,921,2658,
8748,-2738,14028,712,1347,658,
6464,1268,19002,-20,-1043,179,
1674,-3526,16572,476,-364,-1107,
248,-2078,18544,-33,106,-710,
0,-2150,16304,421,282,-585,

1674,-3526,16572,476,-364,-1107,
248,-2078,18544,-33,106,-710,
0,-2150,16304,421,282,-585,
32762,-412,5992,9612,3297,-4270,
20714,-12810,-17488,6691,-213,-8558,
3950,-11670,-14948,1326,-2947,-8763,
-16324,-17436,-11668,-4568,-8146,-6616,
-24638,-21516,18340,-6907,-6888,-575,
-11880,-13704,32767,-7341,-3695,5061,
1080,-7424,32698,-3138,-992,6837,
13672,2282,30586,-1045,205,4936,
13062,-536,19452,-83,797,2437,
7530,-2406,13798,677,480,481,
5396,-3356,21216,-389,-1314,377,
1314,-4954,14962,-67,323,-562,
812,-3976,16764,-19,103,-81,
1228,-3078,16386,241,319,-150,
940,-3246,16192,21,16,-275,
1358,-3758,16550,-56,-9,-328,
1066,-3768,16950,-1,213,-55,

940,-3246,16192,21,16,-275,
1358,-3758,16550,-56,-9,-328,
1066,-3768,16950,-1,213,-55,
31078,-5326,7426,10331,3672,-4938,
19048,-14620,-22036,7255,-737,-9256,
-1044,-13430,-20974,1335,-5083,-9795,
-27900,-25352,-4792,-5363,-10538,-5704,
-22098,-18466,32767,-8416,-6280,3993,
-6856,-5402,30268,-6446,-104,7580,
12242,-3644,31506,-2663,117,7394,
15204,912,27650,1020,584,3242,
10968,448,13716,-190,1544,949,
-3086,-5462,2534,1425,-889,-501,
4660,2230,24880,-465,418,-422,
372,-4388,17012,-229,125,-501,
70,-2516,17150,250,253,-311,
186,-3310,14782,134,100,-273,
90,-2678,16320,25,74,-43,
246,-2532,16440,-288,-172,-8,
1428,-2828,18698,-20,154,146,

90,-2678,16320,25,74,-43,
246,-2532,16440,-288,-172,-8,
1428,-2828,18698,-20,154,146,
-32768,-30676,-3852,-5935,-9583,-3649,
-18908,-15088,32767,-8778,-5140,3996,
-2322,-14738,32767,-6048,-2947,6310,
14484,1708,32767,-1916,-1921,5507,
13152,-634,23830,-331,1210,3136,
6504,-1962,7916,3391,-247,903,
8674,306,20416,-490,113,601,
2742,-4674,13720,-344,-27,-413,
986,-3192,17752,-155,74,-471,
346,-3416,17246,42,102,-242,
302,-2820,15216,276,504,-129,
1106,-3544,16618,129,-19,-27,
1186,-2654,16136,6,214,114,
1196,-2524,16282,142,81,16,
1378,-2538,16840,15,99,-73,
938,-2896,15956,-92,-29,-124,
392,-2398,15982,-99,-113,-25,

1378,-2538,16840,15,99,-73,
938,-2896,15956,-92,-29,-124,
392,-2398,15982,-99,-113,-25,
-13964,-4564,16852,-4479,-3250,-254,
-9278,-4286,24990,-4528,-1417,1996,
-3692,-784,27518,-3795,-594,3093,
-1532,-1764,22242,-1906,-225,3123,
2500,-400,20972,-1560,-327,3535,
2916,-2936,18992,-79,-267,2640,
4206,-266,18808,-326,-39,2307,
5320,-3276,16878,121,112,1496,
4788,-5110,12096,32,-433,846,
3918,-974,18368,-81,-20,19,
1916,-3054,17008,-323,-65,-103,
876,-2698,16994,-156,-45,-256,
456,-2932,17002,-60,-73,-232,
542,-3434,16118,-143,91,-74,
904,-2864,16082,-209,31,-84,
1188,-3336,16576,-32,25,-88,
976,-2760,16638,-86,87,-141,

1188,-3336,16576,-32,25,-88,
976,-2760,16638,-86,87,-141,
-5612,-3418,18100,-312,-1021,421,
-5264,-13796,25952,-212,-2904,3271,
5132,-7610,32767,2276,-1380,5360,
12238,-4190,30240,5074,-885,3263,
12738,-3488,18920,7514,433,159,
15518,-1584,13202,7128,2376,-2149,
15318,-666,622,6056,2661,-5019,
10242,-46,-5038,3419,530,-6479,
2328,396,-7464,1013,-1623,-7090,
-6262,-2596,-4740,-1737,-4364,-6577,
-14146,-12020,7190,-3970,-6638,-3890,
-12960,-9128,26598,-6447,-4799,230,
-7496,-7524,30040,-5250,-1364,2720,
-1130,-1590,31716,-3586,-1062,3458,
5076,-1112,24552,-1769,-328,3470,
6074,-1408,19784,-541,-111,2535,
4188,3808,13748,336,-512,992,
6602,-1190,23104,-324,-293,1278,

1494,-2972,16370,-97,52,-344,
900,-3124,15640,-98,-229,-383,
-962,-3482,13238,-389,-569,-242,
-9864,-4540,9986,-332,-1819,2,
-11724,-20620,32767,70,-2875,5127,
7790,-11722,32767,3549,-36,8233,
21002,-2608,27964,5893,684,5576,
21798,-2376,15452,9369,1101,-370,
22430,32,6504,6936,2048,-4242,
15678,-1062,-6292,5335,765,-7093,
7140,-3402,-9152,1669,-2093,-8932,
-4362,-8576,-8054,-1407,-4553,-8036,
-14556,-17086,4048,-4733,-8035,-5071,
-13054,-17314,32320,-7386,-5996,1393,
-5986,-10136,32767,-5740,-1063,4958,
3470,-1558,30858,-2586,678,5195,
7198,916,17190,304,790,3521,
9258,-5730,17020,504,-1276,3492,
6564,1452,15354,555,390,696,
3970,-3642,13930,-62,-492,0,

9258,-5730,17020,504,-1276,3492,
6564,1452,15354,555,390,696,
3970,-3642,13930,-62,-492,0,
20548,868,24062,6230,1118,3829,
20640,1230,10724,8157,658,-733,
20090,3260,4474,4522,18,-4183,
14816,-714,2758,3302,-1040,-6648,
7008,-3202,1266,1557,-1546,-8051,
-5010,-7486,-6620,-267,-3884,-7579,
-15214,-15534,1844,-3778,-7786,-4980,
-16528,-19438,28142,-7263,-6293,1458,
-8640,-9460,32767,-6314,-559,5164,
406,-3456,31984,-3963,1041,6535,
9186,-4040,25880,-1077,29,5947,
11560,-1036,21320,812,444,3444,
9774,-1730,15498,486,755,1642,
6728,-3960,15234,-28,-953,643,
2854,-2398,17088,266,285,-961,
866,-3482,17072,205,-98,-838,
496,-3566,16884,293,15,-809,

2854,-2398,17088,266,285,-961,
866,-3482,17072,205,-98,-838,
496,-3566,16884,293,15,-809,
23494,-2354,24964,10343,1570,685,
25554,-2110,10286,8980,3731,-4234,
18044,-6080,-12832,8116,796,-7081,
6524,-9110,-13648,2804,-3291,-8632,
-10542,-10742,-15236,-2478,-7292,-7265,
-19154,-23212,9830,-6674,-10188,-2678,
-14150,-18428,32767,-8730,-6104,3405,
-1900,-8820,32767,-4946,-1479,6569,
7366,1894,30834,-1982,49,5854,
9178,-3582,23264,-130,-602,4083,
10432,-264,19072,561,315,1701,
8956,-6314,16082,-292,-1703,1370,
3758,-3912,16600,371,428,-609,
1544,-4518,16690,-82,-100,-176,
1440,-3034,16622,307,173,-292,
1212,-3358,15802,208,233,-252,
1118,-3290,16096,3,43,-209,

